2026-08-14 16:04:03 [[32MINFO[39M]: Server is running on port http://localhost:5000 in development mode
2026-08-15 07:44:10 [[32MINFO[39M]: ✅ Connected to localhost:5432/kevroo database successfully
2026-08-15 07:44:10 [[32MINFO[39M]: Server is running on port http://localhost:5000 in development mode
2026-08-20 14:25:15 [[32MINFO[39M]: ✅ Connected to localhost:5432/kevroo database successfully
2026-08-20 14:25:15 [[32MINFO[39M]: Server is running on port http://localhost:5000 in development mode
2026-08-22 13:03:37 [[32MINFO[39M]: ✅ Connected to localhost:5432/kevroo database successfully
2026-08-22 13:03:37 [[32MINFO[39M]: Server is running on port http://localhost:5000 in development mode
2026-08-22 13:04:15 [[32MINFO[39M]: ✅ Connected to localhost:5432/kevroo database successfully
2026-08-22 13:04:15 [[32MINFO[39M]: Server is running on port http://localhost:5000 in development mode
2026-08-26 18:34:09 [[32MINFO[39M]: ✅ PostgresSQL connected: localhost:5432/kevroo
2026-08-26 18:34:09 [[32MINFO[39M]: Server is running on port http://localhost:5000 in development mode
2026-08-27 07:48:05 [[32MINFO[39M]: ✅ PostgresSQL connected: localhost:5432/kevroo
2026-08-27 07:48:05 [[32MINFO[39M]: Server is running on port http://localhost:5000 in development mode
2026-08-27 07:49:02 [[32MINFO[39M]: ✅ PostgresSQL connected: localhost:5432/kevroo
2026-08-27 07:49:02 [[32MINFO[39M]: Server is running on port http://localhost:5000 in development mode
{"level":"info","time":"2026-09-01T03:40:10.721Z","service":"server","env":"development","msg":"Server is running on port http://localhost:5000 in development mode"}
{"level":"debug","time":"2026-09-01T03:40:10.775Z","service":"server","env":"development","msg":"✅ Connected to localhost:5432/kevroo database successfully"}
{"level":"info","time":"2026-09-01T03:40:10.780Z","service":"server","env":"development","msg":"✅ PostgresSQL connected: localhost:5432/kevroo"}
{"level":"info","time":"2026-09-01T03:40:10.781Z","service":"server","env":"development","msg":"Server running at http://localhost:5000 in development mode"}
{"level":"info","time":"2026-09-01T03:43:33.679Z","service":"server","env":"development","msg":"Server is running on port http://localhost:5000 in development mode"}
{"level":"debug","time":"2026-09-01T03:43:33.734Z","service":"server","env":"development","msg":"✅ Connected to localhost:5432/kevroo database successfully"}
{"level":"info","time":"2026-09-01T03:43:33.736Z","service":"server","env":"development","msg":"✅ PostgresSQL connected: localhost:5432/kevroo"}
{"level":"info","time":"2026-09-01T03:43:33.736Z","service":"server","env":"development","msg":"Server running at http://localhost:5000 in development mode"}
{"level":"info","time":"2026-09-02T17:18:08.332Z","service":"server","env":"development","msg":"Server is running on port http://localhost:5000 in development mode"}
{"level":"debug","time":"2026-09-02T17:18:08.399Z","service":"server","env":"development","msg":"✅ Connected to localhost:5432/kevroo database successfully"}
{"level":"info","time":"2026-09-02T17:18:08.406Z","service":"server","env":"development","msg":"✅ PostgresSQL connected: localhost:5432/kevroo"}
{"level":"info","time":"2026-09-02T17:18:08.406Z","service":"server","env":"development","msg":"Server running at http://localhost:5000 in development mode"}
{"level":"info","time":"2026-09-02T17:18:35.155Z","service":"server","env":"development","msg":"SIGINT received, shutting down gracefully…"}
{"level":"error","time":"2026-09-02T17:18:35.158Z","service":"server","env":"development","err":{"name":"Error","message":"Server is not running.","stack":"Error [ERR_SERVER_NOT_RUNNING]: Server is not running.\n    at Server.close (node:net:2358:12)\n    at Object.onceWrapper (node:events:632:28)\n    at Server.emit (node:events:518:28)\n    at emitCloseNT (node:net:2418:8)\n    at process.processTicksAndRejections (node:internal/process/task_queues:89:21)","pg":{"code":"ERR_SERVER_NOT_RUNNING"},"explanation":"Server is not running."},"msg":"Error during shutdown"}
{"level":"info","time":"2026-09-02T17:18:36.980Z","service":"server","env":"development","msg":"Server is running on port http://localhost:5000 in development mode"}
{"level":"debug","time":"2026-09-02T17:18:37.019Z","service":"server","env":"development","msg":"✅ Connected to localhost:5432/kevroo database successfully"}
{"level":"info","time":"2026-09-02T17:18:37.020Z","service":"server","env":"development","msg":"✅ PostgresSQL connected: localhost:5432/kevroo"}
{"level":"info","time":"2026-09-02T17:18:37.021Z","service":"server","env":"development","msg":"Server running at http://localhost:5000 in development mode"}
{"level":"info","time":"2026-09-02T18:31:21.417Z","service":"server","env":"development","msg":"Server is running on port http://localhost:5000 in development mode"}
{"level":"debug","time":"2026-09-02T18:31:21.444Z","service":"server","env":"development","msg":"✅ Connected to localhost:5432/kevroo database successfully"}
{"level":"info","time":"2026-09-02T18:31:21.445Z","service":"server","env":"development","msg":"✅ PostgresSQL connected: localhost:5432/kevroo"}
{"level":"info","time":"2026-09-02T18:31:21.446Z","service":"server","env":"development","msg":"Server running at http://localhost:5000 in development mode"}
{"level":"info","time":"2026-09-02T18:31:37.389Z","service":"server","env":"development","msg":"SIGINT received, shutting down gracefully…"}
{"level":"error","time":"2026-09-02T18:31:37.392Z","service":"server","env":"development","err":{"name":"Error","message":"Server is not running.","stack":"Error [ERR_SERVER_NOT_RUNNING]: Server is not running.\n    at Server.close (node:net:2358:12)\n    at Object.onceWrapper (node:events:632:28)\n    at Server.emit (node:events:518:28)\n    at emitCloseNT (node:net:2418:8)\n    at process.processTicksAndRejections (node:internal/process/task_queues:89:21)","pg":{"code":"ERR_SERVER_NOT_RUNNING"},"explanation":"Server is not running."},"msg":"Error during shutdown"}
{"level":"info","time":"2026-09-02T18:31:40.434Z","service":"server","env":"development","msg":"Server is running on port http://localhost:5000 in development mode"}
{"level":"debug","time":"2026-09-02T18:31:40.481Z","service":"server","env":"development","msg":"✅ Connected to localhost:5432/kevroo database successfully"}
{"level":"info","time":"2026-09-02T18:31:40.482Z","service":"server","env":"development","msg":"✅ PostgresSQL connected: localhost:5432/kevroo"}
{"level":"info","time":"2026-09-02T18:31:40.483Z","service":"server","env":"development","msg":"Server running at http://localhost:5000 in development mode"}
{"level":"info","time":"2026-09-02T18:32:00.434Z","service":"server","env":"development","msg":"SIGINT received, shutting down gracefully…"}
{"level":"error","time":"2026-09-02T18:32:00.437Z","service":"server","env":"development","err":{"name":"Error","message":"Server is not running.","stack":"Error [ERR_SERVER_NOT_RUNNING]: Server is not running.\n    at Server.close (node:net:2358:12)\n    at Object.onceWrapper (node:events:632:28)\n    at Server.emit (node:events:518:28)\n    at emitCloseNT (node:net:2418:8)\n    at process.processTicksAndRejections (node:internal/process/task_queues:89:21)","pg":{"code":"ERR_SERVER_NOT_RUNNING"},"explanation":"Server is not running."},"msg":"Error during shutdown"}
{"level":"info","time":"2026-09-02T18:32:02.547Z","service":"server","env":"development","msg":"Server is running on port http://localhost:5000 in development mode"}
{"level":"debug","time":"2026-09-02T18:32:02.587Z","service":"server","env":"development","msg":"✅ Connected to localhost:5432/kevroo database successfully"}
{"level":"info","time":"2026-09-02T18:32:02.588Z","service":"server","env":"development","msg":"✅ PostgresSQL connected: localhost:5432/kevroo"}
{"level":"info","time":"2026-09-02T18:32:02.589Z","service":"server","env":"development","msg":"Server running at http://localhost:5000 in development mode"}
{"level":"info","time":"2026-09-02T18:32:34.772Z","service":"server","env":"development","msg":"Server is running on port http://localhost:5000 in development mode"}
{"level":"debug","time":"2026-09-02T18:32:34.809Z","service":"server","env":"development","msg":"✅ Connected to localhost:5432/kevroo database successfully"}
{"level":"info","time":"2026-09-02T18:32:34.810Z","service":"server","env":"development","msg":"✅ PostgresSQL connected: localhost:5432/kevroo"}
{"level":"info","time":"2026-09-02T18:32:34.811Z","service":"server","env":"development","msg":"Server running at http://localhost:5000 in development mode"}
{"level":"info","time":"2026-09-02T18:32:58.105Z","service":"server","env":"development","msg":"SIGINT received, shutting down gracefully…"}
{"level":"error","time":"2026-09-02T18:32:58.107Z","service":"server","env":"development","err":{"name":"Error","message":"Server is not running.","stack":"Error [ERR_SERVER_NOT_RUNNING]: Server is not running.\n    at Server.close (node:net:2358:12)\n    at Object.onceWrapper (node:events:632:28)\n    at Server.emit (node:events:518:28)\n    at emitCloseNT (node:net:2418:8)\n    at process.processTicksAndRejections (node:internal/process/task_queues:89:21)","pg":{"code":"ERR_SERVER_NOT_RUNNING"},"explanation":"Server is not running."},"msg":"Error during shutdown"}
{"level":"info","time":"2026-09-02T18:33:00.269Z","service":"server","env":"development","msg":"Server is running on port http://localhost:5000 in development mode"}
{"level":"debug","time":"2026-09-02T18:33:00.315Z","service":"server","env":"development","msg":"✅ Connected to localhost:5432/kevroo database successfully"}
{"level":"info","time":"2026-09-02T18:33:00.317Z","service":"server","env":"development","msg":"✅ PostgresSQL connected: localhost:5432/kevroo"}
{"level":"info","time":"2026-09-02T18:33:00.318Z","service":"server","env":"development","msg":"Server running at http://localhost:5000 in development mode"}
{"level":"info","time":"2026-09-02T23:03:47.521Z","service":"server","env":"development","msg":"Server is running on port http://localhost:5000 in development mode"}
{"level":"debug","time":"2026-09-02T23:03:47.577Z","service":"server","env":"development","msg":"✅ Connected to localhost:5432/kevroo database successfully"}
{"level":"info","time":"2026-09-02T23:03:47.584Z","service":"server","env":"development","msg":"✅ PostgresSQL connected: localhost:5432/kevroo"}
{"level":"info","time":"2026-09-02T23:03:47.585Z","service":"server","env":"development","msg":"Server running at http://localhost:5000 in development mode"}
{"level":"info","time":"2026-09-02T23:03:55.827Z","service":"server","env":"development","msg":"SIGTERM received, shutting down gracefully…"}
{"level":"error","time":"2026-09-02T23:03:55.828Z","service":"server","env":"development","err":{"name":"Error","message":"Server is not running.","stack":"Error [ERR_SERVER_NOT_RUNNING]: Server is not running.\n    at Server.close (node:net:2358:12)\n    at Object.onceWrapper (node:events:632:28)\n    at Server.emit (node:events:518:28)\n    at emitCloseNT (node:net:2418:8)\n    at process.processTicksAndRejections (node:internal/process/task_queues:89:21)","pg":{"code":"ERR_SERVER_NOT_RUNNING"},"explanation":"Server is not running."},"msg":"Error during shutdown"}
{"level":"info","time":"2026-09-02T23:03:56.193Z","service":"server","env":"development","msg":"Server is running on port http://localhost:5000 in development mode"}
{"level":"debug","time":"2026-09-02T23:03:56.236Z","service":"server","env":"development","msg":"✅ Connected to localhost:5432/kevroo database successfully"}
{"level":"info","time":"2026-09-02T23:03:56.237Z","service":"server","env":"development","msg":"✅ PostgresSQL connected: localhost:5432/kevroo"}
{"level":"info","time":"2026-09-02T23:03:56.238Z","service":"server","env":"development","msg":"Server running at http://localhost:5000 in development mode"}
{"level":"info","time":"2026-09-02T23:05:43.760Z","service":"server","env":"development","msg":"Server is running on port http://localhost:5000 in development mode"}
{"level":"debug","time":"2026-09-02T23:05:43.799Z","service":"server","env":"development","msg":"✅ Connected to localhost:5432/kevroo database successfully"}
{"level":"info","time":"2026-09-02T23:05:43.800Z","service":"server","env":"development","msg":"✅ PostgresSQL connected: localhost:5432/kevroo"}
{"level":"info","time":"2026-09-02T23:05:43.801Z","service":"server","env":"development","msg":"Server running at http://localhost:5000 in development mode"}
{"level":"info","time":"2026-09-02T23:06:13.398Z","service":"server","env":"development","msg":"SIGTERM received, shutting down gracefully…"}
{"level":"error","time":"2026-09-02T23:06:13.399Z","service":"server","env":"development","err":{"name":"Error","message":"Server is not running.","stack":"Error [ERR_SERVER_NOT_RUNNING]: Server is not running.\n    at Server.close (node:net:2358:12)\n    at Object.onceWrapper (node:events:632:28)\n    at Server.emit (node:events:518:28)\n    at emitCloseNT (node:net:2418:8)\n    at process.processTicksAndRejections (node:internal/process/task_queues:89:21)","pg":{"code":"ERR_SERVER_NOT_RUNNING"},"explanation":"Server is not running."},"msg":"Error during shutdown"}
{"level":"info","time":"2026-09-02T23:06:13.788Z","service":"server","env":"development","msg":"Server is running on port http://localhost:5000 in development mode"}
{"level":"debug","time":"2026-09-02T23:06:13.834Z","service":"server","env":"development","msg":"✅ Connected to localhost:5432/kevroo database successfully"}
{"level":"info","time":"2026-09-02T23:06:13.836Z","service":"server","env":"development","msg":"✅ PostgresSQL connected: localhost:5432/kevroo"}
{"level":"info","time":"2026-09-02T23:06:13.836Z","service":"server","env":"development","msg":"Server running at http://localhost:5000 in development mode"}
{"level":"info","time":"2026-09-03T02:30:38.759Z","service":"server","env":"development","msg":"Server is running on port http://localhost:5000 in development mode"}
{"level":"debug","time":"2026-09-03T02:30:38.823Z","service":"server","env":"development","msg":"✅ Connected to localhost:5432/kevroo database successfully"}
{"level":"info","time":"2026-09-03T02:30:38.831Z","service":"server","env":"development","msg":"✅ PostgresSQL connected: localhost:5432/kevroo"}
{"level":"info","time":"2026-09-03T02:30:38.832Z","service":"server","env":"development","msg":"Server running at http://localhost:5000 in development mode"}
{"level":"info","time":"2026-09-03T16:26:42.755Z","service":"server","env":"development","msg":"Server is running on port http://localhost:5000 in development mode"}
{"level":"debug","time":"2026-09-03T16:26:42.847Z","service":"server","env":"development","msg":"✅ Connected to localhost:5432/kevroo database successfully"}
{"level":"info","time":"2026-09-03T16:26:42.857Z","service":"server","env":"development","msg":"✅ PostgresSQL connected: localhost:5432/kevroo"}
{"level":"info","time":"2026-09-03T16:26:42.858Z","service":"server","env":"development","msg":"Server running at http://localhost:5000 in development mode"}
{"level":"info","time":"2026-09-03T16:30:43.090Z","service":"server","env":"development","msg":"Server is running on port http://localhost:5000 in development mode"}
{"level":"debug","time":"2026-09-03T16:30:43.133Z","service":"server","env":"development","msg":"✅ Connected to localhost:5432/kevroo database successfully"}
{"level":"info","time":"2026-09-03T16:30:43.139Z","service":"server","env":"development","msg":"✅ PostgresSQL connected: localhost:5432/kevroo"}
{"level":"info","time":"2026-09-03T16:30:43.140Z","service":"server","env":"development","msg":"Server running at http://localhost:5000 in development mode"}
{"level":"info","time":"2026-09-03T17:49:46.484Z","service":"server","env":"development","msg":"Server is running on port http://localhost:5000 in development mode"}
{"level":"debug","time":"2026-09-03T17:49:46.535Z","service":"server","env":"development","msg":"✅ Connected to localhost:5432/kevroo database successfully"}
{"level":"info","time":"2026-09-03T17:49:46.542Z","service":"server","env":"development","msg":"✅ PostgresSQL connected: localhost:5432/kevroo"}
{"level":"info","time":"2026-09-03T17:49:46.543Z","service":"server","env":"development","msg":"Server running at http://localhost:5000 in development mode"}
{"level":"info","time":"2026-09-03T17:57:32.776Z","service":"server","env":"development","msg":"Server is running on port http://localhost:5000 in development mode"}
{"level":"debug","time":"2026-09-03T17:57:32.817Z","service":"server","env":"development","msg":"✅ Connected to localhost:5432/kevroo database successfully"}
{"level":"info","time":"2026-09-03T17:57:32.819Z","service":"server","env":"development","msg":"✅ PostgresSQL connected: localhost:5432/kevroo"}
{"level":"info","time":"2026-09-03T17:57:32.819Z","service":"server","env":"development","msg":"Server running at http://localhost:5000 in development mode"}
{"level":"info","time":"2026-09-03T18:21:56.166Z","service":"server","env":"development","msg":"Server is running on port http://localhost:5000 in development mode"}
{"level":"debug","time":"2026-09-03T18:21:56.211Z","service":"server","env":"development","msg":"✅ Connected to localhost:5432/kevroo database successfully"}
{"level":"info","time":"2026-09-03T18:21:56.213Z","service":"server","env":"development","msg":"✅ PostgresSQL connected: localhost:5432/kevroo"}
{"level":"info","time":"2026-09-03T18:21:56.214Z","service":"server","env":"development","msg":"Server running at http://localhost:5000 in development mode"}
{"level":"info","time":"2026-09-03T18:28:05.226Z","service":"server","env":"development","msg":"Server is running on port http://localhost:5000 in development mode"}
{"level":"debug","time":"2026-09-03T18:28:05.262Z","service":"server","env":"development","msg":"✅ Connected to localhost:5432/kevroo database successfully"}
{"level":"info","time":"2026-09-03T18:28:05.264Z","service":"server","env":"development","msg":"✅ PostgresSQL connected: localhost:5432/kevroo"}
{"level":"info","time":"2026-09-03T18:28:05.265Z","service":"server","env":"development","msg":"Server running at http://localhost:5000 in development mode"}
{"level":"info","time":"2026-09-03T18:28:35.169Z","service":"server","env":"development","msg":"SIGINT received, shutting down gracefully…"}
{"level":"error","time":"2026-09-03T18:28:35.172Z","service":"server","env":"development","err":{"name":"Error","message":"Server is not running.","stack":"Error [ERR_SERVER_NOT_RUNNING]: Server is not running.\n    at Server.close (node:net:2358:12)\n    at Object.onceWrapper (node:events:632:28)\n    at Server.emit (node:events:518:28)\n    at emitCloseNT (node:net:2418:8)\n    at process.processTicksAndRejections (node:internal/process/task_queues:89:21)","pg":{"code":"ERR_SERVER_NOT_RUNNING"},"explanation":"Server is not running."},"msg":"Error during shutdown"}
{"level":"info","time":"2026-09-03T18:28:38.489Z","service":"server","env":"development","msg":"Server is running on port http://localhost:5000 in development mode"}
{"level":"debug","time":"2026-09-03T18:28:38.526Z","service":"server","env":"development","msg":"✅ Connected to localhost:5432/kevroo database successfully"}
{"level":"info","time":"2026-09-03T18:28:38.528Z","service":"server","env":"development","msg":"✅ PostgresSQL connected: localhost:5432/kevroo"}
{"level":"info","time":"2026-09-03T18:28:38.528Z","service":"server","env":"development","msg":"Server running at http://localhost:5000 in development mode"}
{"level":"info","time":"2026-09-05T02:41:44.123Z","service":"server","env":"development","msg":"Server is running on port http://localhost:5000 in development mode"}
{"level":"debug","time":"2026-09-05T02:41:44.178Z","service":"server","env":"development","msg":"✅ Connected to localhost:5432/kevroo database successfully"}
{"level":"info","time":"2026-09-05T02:41:44.184Z","service":"server","env":"development","msg":"✅ PostgresSQL connected: localhost:5432/kevroo"}
{"level":"info","time":"2026-09-05T02:41:44.185Z","service":"server","env":"development","msg":"Server running at http://localhost:5000 in development mode"}
{"level":"info","time":"2026-09-05T05:33:59.929Z","service":"server","env":"development","msg":"Server is running on port http://localhost:5000 in development mode"}
{"level":"debug","time":"2026-09-05T05:33:59.982Z","service":"server","env":"development","msg":"✅ Connected to localhost:5432/kevroo database successfully"}
{"level":"info","time":"2026-09-05T05:33:59.986Z","service":"server","env":"development","msg":"✅ PostgresSQL connected: localhost:5432/kevroo"}
{"level":"info","time":"2026-09-05T05:33:59.987Z","service":"server","env":"development","msg":"Server running at http://localhost:5000 in development mode"}
{"level":"info","time":"2026-09-05T05:48:52.457Z","service":"server","env":"development","msg":"Server is running on port http://localhost:5000 in development mode"}
{"level":"debug","time":"2026-09-05T05:48:52.497Z","service":"server","env":"development","msg":"✅ Connected to localhost:5432/kevroo database successfully"}
{"level":"info","time":"2026-09-05T05:48:52.499Z","service":"server","env":"development","msg":"✅ PostgresSQL connected: localhost:5432/kevroo"}
{"level":"info","time":"2026-09-05T05:48:52.500Z","service":"server","env":"development","msg":"Server running at http://localhost:5000 in development mode"}
{"level":"info","time":"2026-09-05T05:48:58.080Z","service":"server","env":"development","msg":"SIGTERM received, shutting down gracefully…"}
{"level":"error","time":"2026-09-05T05:48:58.081Z","service":"server","env":"development","err":{"name":"Error","message":"Server is not running.","stack":"Error [ERR_SERVER_NOT_RUNNING]: Server is not running.\n    at Server.close (node:net:2358:12)\n    at Object.onceWrapper (node:events:632:28)\n    at Server.emit (node:events:518:28)\n    at emitCloseNT (node:net:2418:8)\n    at process.processTicksAndRejections (node:internal/process/task_queues:89:21)","pg":{"code":"ERR_SERVER_NOT_RUNNING"},"explanation":"Server is not running."},"msg":"Error during shutdown"}
{"level":"info","time":"2026-09-05T05:48:58.379Z","service":"server","env":"development","msg":"Server is running on port http://localhost:5000 in development mode"}
{"level":"debug","time":"2026-09-05T05:48:58.425Z","service":"server","env":"development","msg":"✅ Connected to localhost:5432/kevroo database successfully"}
{"level":"info","time":"2026-09-05T05:48:58.426Z","service":"server","env":"development","msg":"✅ PostgresSQL connected: localhost:5432/kevroo"}
{"level":"info","time":"2026-09-05T05:48:58.427Z","service":"server","env":"development","msg":"Server running at http://localhost:5000 in development mode"}
{"level":"info","time":"2026-09-05T05:49:21.603Z","service":"server","env":"development","msg":"SIGINT received, shutting down gracefully…"}
{"level":"error","time":"2026-09-05T05:49:21.606Z","service":"server","env":"development","err":{"name":"Error","message":"Server is not running.","stack":"Error [ERR_SERVER_NOT_RUNNING]: Server is not running.\n    at Server.close (node:net:2358:12)\n    at Object.onceWrapper (node:events:632:28)\n    at Server.emit (node:events:518:28)\n    at emitCloseNT (node:net:2418:8)\n    at process.processTicksAndRejections (node:internal/process/task_queues:89:21)","pg":{"code":"ERR_SERVER_NOT_RUNNING"},"explanation":"Server is not running."},"msg":"Error during shutdown"}
{"level":"info","time":"2026-09-05T05:49:23.687Z","service":"server","env":"development","msg":"Server is running on port http://localhost:5000 in development mode"}
{"level":"debug","time":"2026-09-05T05:49:23.723Z","service":"server","env":"development","msg":"✅ Connected to localhost:5432/kevroo database successfully"}
{"level":"info","time":"2026-09-05T05:49:23.724Z","service":"server","env":"development","msg":"✅ PostgresSQL connected: localhost:5432/kevroo"}
{"level":"info","time":"2026-09-05T05:49:23.725Z","service":"server","env":"development","msg":"Server running at http://localhost:5000 in development mode"}
{"level":"info","time":"2026-09-05T05:56:52.586Z","service":"server","env":"development","msg":"Server is running on port http://localhost:5000 in development mode"}
{"level":"debug","time":"2026-09-05T05:56:52.623Z","service":"server","env":"development","msg":"✅ Connected to localhost:5432/kevroo database successfully"}
{"level":"info","time":"2026-09-05T05:56:52.625Z","service":"server","env":"development","msg":"✅ PostgresSQL connected: localhost:5432/kevroo"}
{"level":"info","time":"2026-09-05T05:56:52.625Z","service":"server","env":"development","msg":"Server running at http://localhost:5000 in development mode"}
{"level":"info","time":"2026-09-06T17:27:59.504Z","service":"server","env":"development","msg":"Server is running on port http://localhost:5000 in development mode"}
{"level":"debug","time":"2026-09-06T17:27:59.560Z","service":"server","env":"development","msg":"✅ Connected to localhost:5432/kevroo database successfully"}
{"level":"info","time":"2026-09-06T17:27:59.567Z","service":"server","env":"development","msg":"✅ PostgresSQL connected: localhost:5432/kevroo"}
{"level":"info","time":"2026-09-06T17:27:59.568Z","service":"server","env":"development","msg":"Server running at http://localhost:5000 in development mode"}
{"level":"info","time":"2026-09-08T19:17:56.460Z","service":"server","env":"development","msg":"Server is running on port http://localhost:5000 in development mode"}
{"level":"debug","time":"2026-09-08T19:17:56.528Z","service":"server","env":"development","msg":"✅ Connected to localhost:5432/kevroo database successfully"}
{"level":"info","time":"2026-09-08T19:17:56.540Z","service":"server","env":"development","msg":"✅ PostgresSQL connected: localhost:5432/kevroo"}
{"level":"info","time":"2026-09-08T19:17:56.540Z","service":"server","env":"development","msg":"Server running at http://localhost:5000 in development mode"}
{"level":"info","time":"2026-09-09T00:12:33.396Z","service":"server","env":"development","msg":"Server is running on port http://localhost:5000 in development mode"}
{"level":"debug","time":"2026-09-09T00:12:33.479Z","service":"server","env":"development","msg":"✅ Connected to localhost:5432/kevroo database successfully"}
{"level":"info","time":"2026-09-09T00:12:33.487Z","service":"server","env":"development","msg":"✅ PostgresSQL connected: localhost:5432/kevroo"}
{"level":"info","time":"2026-09-09T00:12:33.487Z","service":"server","env":"development","msg":"Server running at http://localhost:5000 in development mode"}
{"level":"info","time":"2026-09-09T00:13:34.674Z","service":"server","env":"development","msg":"Server is running on port http://localhost:5000 in development mode"}
{"level":"debug","time":"2026-09-09T00:13:34.724Z","service":"server","env":"development","msg":"✅ Connected to localhost:5432/kevroo database successfully"}
{"level":"info","time":"2026-09-09T00:13:34.725Z","service":"server","env":"development","msg":"✅ PostgresSQL connected: localhost:5432/kevroo"}
{"level":"info","time":"2026-09-09T00:13:34.726Z","service":"server","env":"development","msg":"Server running at http://localhost:5000 in development mode"}
{"level":"info","time":"2026-09-09T00:13:48.396Z","service":"server","env":"development","msg":"SIGINT received, shutting down gracefully…"}
{"level":"error","time":"2026-09-09T00:13:48.399Z","service":"server","env":"development","err":{"name":"Error","message":"Server is not running.","stack":"Error [ERR_SERVER_NOT_RUNNING]: Server is not running.\n    at Server.close (node:net:2358:12)\n    at Object.onceWrapper (node:events:632:28)\n    at Server.emit (node:events:518:28)\n    at emitCloseNT (node:net:2418:8)\n    at process.processTicksAndRejections (node:internal/process/task_queues:89:21)","pg":{"code":"ERR_SERVER_NOT_RUNNING"},"explanation":"Server is not running."},"msg":"Error during shutdown"}
{"level":"info","time":"2026-09-09T00:13:50.674Z","service":"server","env":"development","msg":"Server is running on port http://localhost:5000 in development mode"}
{"level":"debug","time":"2026-09-09T00:13:50.713Z","service":"server","env":"development","msg":"✅ Connected to localhost:5432/kevroo database successfully"}
{"level":"info","time":"2026-09-09T00:13:50.714Z","service":"server","env":"development","msg":"✅ PostgresSQL connected: localhost:5432/kevroo"}
{"level":"info","time":"2026-09-09T00:13:50.715Z","service":"server","env":"development","msg":"Server running at http://localhost:5000 in development mode"}
{"level":"info","time":"2026-09-09T00:14:42.438Z","service":"server","env":"development","msg":"Server is running on port http://localhost:5000 in development mode"}
{"level":"debug","time":"2026-09-09T00:14:42.476Z","service":"server","env":"development","msg":"✅ Connected to localhost:5432/kevroo database successfully"}
{"level":"info","time":"2026-09-09T00:14:42.477Z","service":"server","env":"development","msg":"✅ PostgresSQL connected: localhost:5432/kevroo"}
{"level":"info","time":"2026-09-09T00:14:42.478Z","service":"server","env":"development","msg":"Server running at http://localhost:5000 in development mode"}
{"level":"info","time":"2026-09-09T00:15:31.532Z","service":"server","env":"development","msg":"Server is running on port http://localhost:5000 in development mode"}
{"level":"debug","time":"2026-09-09T00:15:31.569Z","service":"server","env":"development","msg":"✅ Connected to localhost:5432/kevroo database successfully"}
{"level":"info","time":"2026-09-09T00:15:31.570Z","service":"server","env":"development","msg":"✅ PostgresSQL connected: localhost:5432/kevroo"}
{"level":"info","time":"2026-09-09T00:15:31.571Z","service":"server","env":"development","msg":"Server running at http://localhost:5000 in development mode"}
{"level":"info","time":"2026-09-09T00:16:28.896Z","service":"server","env":"development","msg":"Server is running on port http://localhost:5000 in development mode"}
{"level":"debug","time":"2026-09-09T00:16:28.951Z","service":"server","env":"development","msg":"✅ Connected to localhost:5432/kevroo database successfully"}
{"level":"info","time":"2026-09-09T00:16:28.953Z","service":"server","env":"development","msg":"✅ PostgresSQL connected: localhost:5432/kevroo"}
{"level":"info","time":"2026-09-09T00:16:28.953Z","service":"server","env":"development","msg":"Server running at http://localhost:5000 in development mode"}
{"level":"info","time":"2026-09-09T00:18:01.618Z","service":"server","env":"development","msg":"Server is running on port http://localhost:5000 in development mode"}
{"level":"debug","time":"2026-09-09T00:18:01.654Z","service":"server","env":"development","msg":"✅ Connected to localhost:5432/kevroo database successfully"}
{"level":"info","time":"2026-09-09T00:18:01.655Z","service":"server","env":"development","msg":"✅ PostgresSQL connected: localhost:5432/kevroo"}
{"level":"info","time":"2026-09-09T00:18:01.656Z","service":"server","env":"development","msg":"Server running at http://localhost:5000 in development mode"}
{"level":"info","time":"2026-09-09T03:43:07.327Z","service":"server","env":"development","msg":"Server is running on port http://localhost:5000 in development mode"}
{"level":"debug","time":"2026-09-09T03:43:07.377Z","service":"server","env":"development","msg":"✅ Connected to localhost:5432/kevroo database successfully"}
{"level":"info","time":"2026-09-09T03:43:07.379Z","service":"server","env":"development","msg":"✅ PostgresSQL connected: localhost:5432/kevroo"}
{"level":"info","time":"2026-09-09T03:43:07.380Z","service":"server","env":"development","msg":"Server running at http://localhost:5000 in development mode"}
{"level":"info","time":"2026-09-09T14:52:01.123Z","service":"server","env":"development","msg":"Server is running on port http://localhost:5000 in development mode"}
{"level":"debug","time":"2026-09-09T14:52:01.173Z","service":"server","env":"development","msg":"✅ Connected to localhost:5432/kevroo database successfully"}
{"level":"info","time":"2026-09-09T14:52:01.179Z","service":"server","env":"development","msg":"✅ PostgresSQL connected: localhost:5432/kevroo"}
{"level":"info","time":"2026-09-09T14:52:01.180Z","service":"server","env":"development","msg":"Server running at http://localhost:5000 in development mode"}
{"level":"info","time":"2026-09-10T01:11:13.217Z","service":"server","env":"development","msg":"Server is running on port http://localhost:5000 in development mode"}
{"level":"debug","time":"2026-09-10T01:11:13.283Z","service":"server","env":"development","msg":"✅ Connected to localhost:5432/kevroo database successfully"}
{"level":"info","time":"2026-09-10T01:11:13.291Z","service":"server","env":"development","msg":"✅ PostgresSQL connected: localhost:5432/kevroo"}
{"level":"info","time":"2026-09-10T01:11:13.291Z","service":"server","env":"development","msg":"Server running at http://localhost:5000 in development mode"}
{"level":"info","time":"2026-09-10T01:13:34.518Z","service":"server","env":"development","msg":"Server is running on port http://localhost:5000 in development mode"}
{"level":"debug","time":"2026-09-10T01:13:34.554Z","service":"server","env":"development","msg":"✅ Connected to localhost:5432/kevroo database successfully"}
{"level":"info","time":"2026-09-10T01:13:34.556Z","service":"server","env":"development","msg":"✅ PostgresSQL connected: localhost:5432/kevroo"}
{"level":"info","time":"2026-09-10T01:13:34.556Z","service":"server","env":"development","msg":"Server running at http://localhost:5000 in development mode"}
{"level":"info","time":"2026-09-10T01:14:56.254Z","service":"server","env":"development","msg":"Server is running on port http://localhost:5000 in development mode"}
{"level":"debug","time":"2026-09-10T01:14:56.290Z","service":"server","env":"development","msg":"✅ Connected to localhost:5432/kevroo database successfully"}
{"level":"info","time":"2026-09-10T01:14:56.292Z","service":"server","env":"development","msg":"✅ PostgresSQL connected: localhost:5432/kevroo"}
{"level":"info","time":"2026-09-10T01:14:56.293Z","service":"server","env":"development","msg":"Server running at http://localhost:5000 in development mode"}
{"level":"info","time":"2026-09-10T01:17:23.959Z","service":"server","env":"development","msg":"Server is running on port http://localhost:5000 in development mode"}
{"level":"debug","time":"2026-09-10T01:17:23.999Z","service":"server","env":"development","msg":"✅ Connected to localhost:5432/kevroo database successfully"}
{"level":"info","time":"2026-09-10T01:17:24.001Z","service":"server","env":"development","msg":"✅ PostgresSQL connected: localhost:5432/kevroo"}
{"level":"info","time":"2026-09-10T01:17:24.001Z","service":"server","env":"development","msg":"Server running at http://localhost:5000 in development mode"}
{"level":"info","time":"2026-09-10T02:04:00.476Z","service":"server","env":"development","msg":"Server is running on port http://localhost:5000 in development mode"}
{"level":"debug","time":"2026-09-10T02:04:00.512Z","service":"server","env":"development","msg":"✅ Connected to localhost:5432/kevroo database successfully"}
{"level":"info","time":"2026-09-10T02:04:00.514Z","service":"server","env":"development","msg":"✅ PostgresSQL connected: localhost:5432/kevroo"}
{"level":"info","time":"2026-09-10T02:04:00.515Z","service":"server","env":"development","msg":"Server running at http://localhost:5000 in development mode"}
{"level":"info","time":"2026-09-10T02:04:30.060Z","service":"server","env":"development","msg":"SIGINT received, shutting down gracefully…"}
{"level":"error","time":"2026-09-10T02:04:30.071Z","service":"server","env":"development","err":{"name":"Error","message":"Server is not running.","stack":"Error [ERR_SERVER_NOT_RUNNING]: Server is not running.\n    at Server.close (node:net:2358:12)\n    at Object.onceWrapper (node:events:632:28)\n    at Server.emit (node:events:518:28)\n    at emitCloseNT (node:net:2418:8)\n    at process.processTicksAndRejections (node:internal/process/task_queues:89:21)","pg":{"code":"ERR_SERVER_NOT_RUNNING"},"explanation":"Server is not running."},"msg":"Error during shutdown"}
{"level":"info","time":"2026-09-11T04:50:04.488Z","service":"server","env":"development","msg":"Server is running on port http://localhost:5000 in development mode"}
{"level":"debug","time":"2026-09-11T04:50:04.547Z","service":"server","env":"development","msg":"✅ Connected to localhost:5432/kevroo database successfully"}
{"level":"info","time":"2026-09-11T04:50:04.554Z","service":"server","env":"development","msg":"✅ PostgresSQL connected: localhost:5432/kevroo"}
{"level":"info","time":"2026-09-11T04:50:04.554Z","service":"server","env":"development","msg":"Server running at http://localhost:5000 in development mode"}
{"level":"info","time":"2026-09-11T04:51:02.393Z","service":"server","env":"development","msg":"Server is running on port http://localhost:5000 in development mode"}
{"level":"debug","time":"2026-09-11T04:51:02.435Z","service":"server","env":"development","msg":"✅ Connected to localhost:5432/kevroo database successfully"}
{"level":"info","time":"2026-09-11T04:51:02.437Z","service":"server","env":"development","msg":"✅ PostgresSQL connected: localhost:5432/kevroo"}
{"level":"info","time":"2026-09-11T04:51:02.438Z","service":"server","env":"development","msg":"Server running at http://localhost:5000 in development mode"}
{"level":"debug","time":"2026-09-11T22:30:06.108Z","service":"server","env":"development","msg":"✅ Connected to localhost:5432/kevroo database successfully"}
{"level":"info","time":"2026-09-11T22:30:06.127Z","service":"server","env":"development","msg":"⬜ pending  001_migration_table"}
{"level":"info","time":"2026-09-11T22:30:06.128Z","service":"server","env":"development","msg":"1 migration(s) pending"}
{"level":"info","time":"2026-09-11T22:30:06.128Z","service":"server","env":"development","msg":"Postgres pool closed"}
{"level":"info","time":"2026-09-11T22:30:11.881Z","service":"server","env":"development","msg":"Server is running on port http://localhost:5000 in development mode"}
{"level":"debug","time":"2026-09-11T22:30:11.918Z","service":"server","env":"development","msg":"✅ Connected to localhost:5432/kevroo database successfully"}
{"level":"info","time":"2026-09-11T22:30:11.920Z","service":"server","env":"development","msg":"✅ PostgresSQL connected: localhost:5432/kevroo"}
{"level":"info","time":"2026-09-11T22:30:11.920Z","service":"server","env":"development","msg":"Server running at http://localhost:5000 in development mode"}
{"level":"info","time":"2026-09-11T22:30:19.312Z","service":"server","env":"development","msg":"SIGTERM received, shutting down gracefully…"}
{"level":"error","time":"2026-09-11T22:30:19.315Z","service":"server","env":"development","err":{"name":"Error","message":"Server is not running.","stack":"Error [ERR_SERVER_NOT_RUNNING]: Server is not running.\n    at Server.close (node:net:2358:12)\n    at Object.onceWrapper (node:events:632:28)\n    at Server.emit (node:events:518:28)\n    at emitCloseNT (node:net:2418:8)\n    at process.processTicksAndRejections (node:internal/process/task_queues:89:21)","pg":{"code":"ERR_SERVER_NOT_RUNNING"},"explanation":"Server is not running."},"msg":"Error during shutdown"}
{"level":"info","time":"2026-09-11T22:31:22.416Z","service":"server","env":"development","msg":"Server is running on port http://localhost:5000 in development mode"}
{"level":"debug","time":"2026-09-11T22:31:22.456Z","service":"server","env":"development","msg":"✅ Connected to localhost:5432/kevroo database successfully"}
{"level":"info","time":"2026-09-11T22:31:22.457Z","service":"server","env":"development","msg":"✅ PostgresSQL connected: localhost:5432/kevroo"}
{"level":"info","time":"2026-09-11T22:31:22.458Z","service":"server","env":"development","msg":"Server running at http://localhost:5000 in development mode"}
{"level":"info","time":"2026-09-11T22:31:31.688Z","service":"server","env":"development","msg":"SIGTERM received, shutting down gracefully…"}
{"level":"error","time":"2026-09-11T22:31:31.689Z","service":"server","env":"development","err":{"name":"Error","message":"Server is not running.","stack":"Error [ERR_SERVER_NOT_RUNNING]: Server is not running.\n    at Server.close (node:net:2358:12)\n    at Object.onceWrapper (node:events:632:28)\n    at Server.emit (node:events:518:28)\n    at emitCloseNT (node:net:2418:8)\n    at process.processTicksAndRejections (node:internal/process/task_queues:89:21)","pg":{"code":"ERR_SERVER_NOT_RUNNING"},"explanation":"Server is not running."},"msg":"Error during shutdown"}
{"level":"info","time":"2026-09-11T22:31:44.901Z","service":"server","env":"development","msg":"Server is running on port http://localhost:5000 in development mode"}
{"level":"debug","time":"2026-09-11T22:31:44.939Z","service":"server","env":"development","msg":"✅ Connected to localhost:5432/kevroo database successfully"}
{"level":"info","time":"2026-09-11T22:31:44.941Z","service":"server","env":"development","msg":"✅ PostgresSQL connected: localhost:5432/kevroo"}
{"level":"info","time":"2026-09-11T22:31:44.941Z","service":"server","env":"development","msg":"Server running at http://localhost:5000 in development mode"}
{"level":"info","time":"2026-09-11T22:31:53.388Z","service":"server","env":"development","msg":"SIGTERM received, shutting down gracefully…"}
{"level":"error","time":"2026-09-11T22:31:53.389Z","service":"server","env":"development","err":{"name":"Error","message":"Server is not running.","stack":"Error [ERR_SERVER_NOT_RUNNING]: Server is not running.\n    at Server.close (node:net:2358:12)\n    at Object.onceWrapper (node:events:632:28)\n    at Server.emit (node:events:518:28)\n    at emitCloseNT (node:net:2418:8)\n    at process.processTicksAndRejections (node:internal/process/task_queues:89:21)","pg":{"code":"ERR_SERVER_NOT_RUNNING"},"explanation":"Server is not running."},"msg":"Error during shutdown"}
{"level":"info","time":"2026-09-11T22:32:02.810Z","service":"server","env":"development","msg":"Server is running on port http://localhost:5055 in development mode"}
{"level":"debug","time":"2026-09-11T22:32:02.850Z","service":"server","env":"development","msg":"✅ Connected to localhost:5432/kevroo database successfully"}
{"level":"info","time":"2026-09-11T22:32:02.852Z","service":"server","env":"development","msg":"✅ PostgresSQL connected: localhost:5432/kevroo"}
{"level":"info","time":"2026-09-11T22:32:02.853Z","service":"server","env":"development","msg":"Server running at http://localhost:5055 in development mode"}
{"level":"warn","time":"2026-09-11T22:32:11.262Z","service":"server","env":"development","req":{"id":"80955fcf-b7d7-4a41-b6b2-e85aca8da6f8","method":"GET","url":"/","query":{},"params":"[redacted]","headers":{"host":"localhost:5055","user-agent":"curl/8.7.1","accept":"*/*"},"remoteAddress":"::1","remotePort":61728},"res":{"statusCode":404,"headers":{"cross-origin-opener-policy":"same-origin","cross-origin-resource-policy":"same-origin","origin-agent-cluster":"?1","referrer-policy":"no-referrer","strict-transport-security":"max-age=31536000; includeSubDomains","x-content-type-options":"nosniff","x-dns-prefetch-control":"off","x-download-options":"noopen","x-frame-options":"SAMEORIGIN","x-permitted-cross-domain-policies":"none","x-xss-protection":"0","vary":"Origin, Accept-Encoding","access-control-allow-credentials":"true","x-request-id":"80955fcf-b7d7-4a41-b6b2-e85aca8da6f8","content-type":"application/json; charset=utf-8","content-length":"30","etag":"W/\"1e-LUfHtOjvBx0S2F8JsyzyBe1EE+Y\""}},"responseTime":2,"msg":"request completed"}
{"level":"warn","time":"2026-09-11T22:32:11.273Z","service":"server","env":"development","req":{"id":"fcfae856-e037-493b-87de-54cc218c566a","method":"GET","url":"/api/health","query":{},"params":"[redacted]","headers":{"host":"localhost:5055","user-agent":"curl/8.7.1","accept":"*/*"},"remoteAddress":"::1","remotePort":61729},"res":{"statusCode":404,"headers":{"cross-origin-opener-policy":"same-origin","cross-origin-resource-policy":"same-origin","origin-agent-cluster":"?1","referrer-policy":"no-referrer","strict-transport-security":"max-age=31536000; includeSubDomains","x-content-type-options":"nosniff","x-dns-prefetch-control":"off","x-download-options":"noopen","x-frame-options":"SAMEORIGIN","x-permitted-cross-domain-policies":"none","x-xss-protection":"0","vary":"Origin, Accept-Encoding","access-control-allow-credentials":"true","x-request-id":"fcfae856-e037-493b-87de-54cc218c566a","content-type":"application/json; charset=utf-8","content-length":"40","etag":"W/\"28-whHRBHkjhn/7WN4oU3eBBInzFiY\""}},"responseTime":0,"msg":"request completed"}
{"level":"warn","time":"2026-09-11T22:32:11.284Z","service":"server","env":"development","req":{"id":"7aef2490-213e-41b2-9f83-6a172fc9f10d","method":"GET","url":"/","query":{},"params":"[redacted]","headers":{"host":"localhost:5055","user-agent":"curl/8.7.1","accept":"*/*"},"remoteAddress":"::1","remotePort":61730},"res":{"statusCode":404,"headers":{"cross-origin-opener-policy":"same-origin","cross-origin-resource-policy":"same-origin","origin-agent-cluster":"?1","referrer-policy":"no-referrer","strict-transport-security":"max-age=31536000; includeSubDomains","x-content-type-options":"nosniff","x-dns-prefetch-control":"off","x-download-options":"noopen","x-frame-options":"SAMEORIGIN","x-permitted-cross-domain-policies":"none","x-xss-protection":"0","vary":"Origin, Accept-Encoding","access-control-allow-credentials":"true","x-request-id":"7aef2490-213e-41b2-9f83-6a172fc9f10d","content-type":"application/json; charset=utf-8","content-length":"30","etag":"W/\"1e-LUfHtOjvBx0S2F8JsyzyBe1EE+Y\""}},"responseTime":0,"msg":"request completed"}
{"level":"info","time":"2026-09-11T22:32:11.341Z","service":"server","env":"development","msg":"SIGTERM received, shutting down gracefully…"}
{"level":"error","time":"2026-09-11T22:32:11.341Z","service":"server","env":"development","err":{"name":"Error","message":"Server is not running.","stack":"Error [ERR_SERVER_NOT_RUNNING]: Server is not running.\n    at Server.close (node:net:2358:12)\n    at Object.onceWrapper (node:events:632:28)\n    at Server.emit (node:events:518:28)\n    at emitCloseNT (node:net:2418:8)\n    at process.processTicksAndRejections (node:internal/process/task_queues:89:21)","pg":{"code":"ERR_SERVER_NOT_RUNNING"},"explanation":"Server is not running."},"msg":"Error during shutdown"}
{"level":"info","time":"2026-09-12T01:09:42.443Z","service":"server","env":"development","msg":"Server is running on port http://localhost:5000 in development mode"}
{"level":"debug","time":"2026-09-12T01:09:42.486Z","service":"server","env":"development","msg":"✅ Connected to localhost:5432/kevroo database successfully"}
{"level":"info","time":"2026-09-12T01:09:42.492Z","service":"server","env":"development","msg":"✅ PostgresSQL connected: localhost:5432/kevroo"}
{"level":"info","time":"2026-09-12T01:09:42.493Z","service":"server","env":"development","msg":"Server running at http://localhost:5000 in development mode"}
{"level":"info","time":"2026-09-12T01:10:11.348Z","service":"server","env":"development","msg":"SIGINT received, shutting down gracefully…"}
{"level":"error","time":"2026-09-12T01:10:11.350Z","service":"server","env":"development","err":{"name":"Error","message":"Server is not running.","stack":"Error [ERR_SERVER_NOT_RUNNING]: Server is not running.\n    at Server.close (node:net:2358:12)\n    at Object.onceWrapper (node:events:632:28)\n    at Server.emit (node:events:518:28)\n    at emitCloseNT (node:net:2418:8)\n    at process.processTicksAndRejections (node:internal/process/task_queues:89:21)","pg":{"code":"ERR_SERVER_NOT_RUNNING"},"explanation":"Server is not running."},"msg":"Error during shutdown"}
{"level":"info","time":"2026-09-12T01:10:13.610Z","service":"server","env":"development","msg":"Server is running on port http://localhost:5000 in development mode"}
{"level":"debug","time":"2026-09-12T01:10:13.647Z","service":"server","env":"development","msg":"✅ Connected to localhost:5432/kevroo database successfully"}
{"level":"info","time":"2026-09-12T01:10:13.648Z","service":"server","env":"development","msg":"✅ PostgresSQL connected: localhost:5432/kevroo"}
{"level":"info","time":"2026-09-12T01:10:13.649Z","service":"server","env":"development","msg":"Server running at http://localhost:5000 in development mode"}
{"level":"info","time":"2026-09-12T02:23:14.533Z","service":"server","env":"development","msg":"Server is running on port http://localhost:5000 in development mode"}
{"level":"debug","time":"2026-09-12T02:23:14.579Z","service":"server","env":"development","msg":"✅ Connected to localhost:5432/kevroo database successfully"}
{"level":"info","time":"2026-09-12T02:23:14.585Z","service":"server","env":"development","msg":"✅ PostgresSQL connected: localhost:5432/kevroo"}
{"level":"info","time":"2026-09-12T02:23:14.586Z","service":"server","env":"development","msg":"Server running at http://localhost:5000 in development mode"}
{"level":"info","time":"2026-09-12T14:45:05.253Z","service":"server","env":"development","msg":"Server is running on port http://localhost:5000 in development mode"}
{"level":"debug","time":"2026-09-12T14:45:05.315Z","service":"server","env":"development","msg":"✅ Connected to localhost:5432/kevroo database successfully"}
{"level":"info","time":"2026-09-12T14:45:05.322Z","service":"server","env":"development","msg":"✅ PostgresSQL connected: localhost:5432/kevroo"}
{"level":"info","time":"2026-09-12T14:45:05.322Z","service":"server","env":"development","msg":"Server running at http://localhost:5000 in development mode"}
{"level":"info","time":"2026-09-18T18:36:50.952Z","service":"server","env":"development","msg":"Server is running on port http://localhost:5000 in development mode"}
{"level":"debug","time":"2026-09-18T18:36:50.996Z","service":"server","env":"development","msg":"✅ Connected to localhost:5432/kevroo database successfully"}
{"level":"info","time":"2026-09-18T18:36:51.002Z","service":"server","env":"development","msg":"✅ PostgresSQL connected: localhost:5432/kevroo"}
{"level":"info","time":"2026-09-18T18:36:51.003Z","service":"server","env":"development","msg":"Server running at http://localhost:5000 in development mode"}
{"level":"info","time":"2026-09-18T19:05:14.926Z","service":"server","env":"development","msg":"Server is running on port http://localhost:5000 in development mode"}
{"level":"debug","time":"2026-09-18T19:05:14.974Z","service":"server","env":"development","msg":"✅ Connected to localhost:5432/kevroo database successfully"}
{"level":"info","time":"2026-09-18T19:05:14.980Z","service":"server","env":"development","msg":"✅ PostgresSQL connected: localhost:5432/kevroo"}
{"level":"info","time":"2026-09-18T19:05:14.981Z","service":"server","env":"development","msg":"Server running at http://localhost:5000 in development mode"}
{"level":"info","time":"2026-09-18T20:35:04.270Z","service":"server","env":"development","msg":"Server is running on port http://localhost:5000 in development mode"}
{"level":"debug","time":"2026-09-18T20:35:04.312Z","service":"server","env":"development","msg":"✅ Connected to localhost:5432/kevroo database successfully"}
{"level":"info","time":"2026-09-18T20:35:04.317Z","service":"server","env":"development","msg":"✅ PostgresSQL connected: localhost:5432/kevroo"}
{"level":"info","time":"2026-09-18T20:35:04.318Z","service":"server","env":"development","msg":"Server running at http://localhost:5000 in development mode"}
{"level":"info","time":"2026-09-18T22:42:10.311Z","service":"server","env":"development","msg":"Server is running on port http://localhost:5000 in development mode"}
{"level":"debug","time":"2026-09-18T22:42:10.350Z","service":"server","env":"development","msg":"✅ Connected to localhost:5432/kevroo database successfully"}
{"level":"info","time":"2026-09-18T22:42:10.352Z","service":"server","env":"development","msg":"✅ PostgresSQL connected: localhost:5432/kevroo"}
{"level":"info","time":"2026-09-18T22:42:10.352Z","service":"server","env":"development","msg":"Server running at http://localhost:5000 in development mode"}
{"level":"info","time":"2026-09-18T22:43:25.135Z","service":"server","env":"development","msg":"Server is running on port http://localhost:5000 in development mode"}
{"level":"debug","time":"2026-09-18T22:43:25.175Z","service":"server","env":"development","msg":"✅ Connected to localhost:5432/kevroo database successfully"}
{"level":"info","time":"2026-09-18T22:43:25.176Z","service":"server","env":"development","msg":"✅ PostgresSQL connected: localhost:5432/kevroo"}
{"level":"info","time":"2026-09-18T22:43:25.177Z","service":"server","env":"development","msg":"Server running at http://localhost:5000 in development mode"}
{"level":"info","time":"2026-09-18T22:43:25.715Z","service":"server","env":"development","msg":"SIGTERM received, shutting down gracefully…"}
{"level":"error","time":"2026-09-18T22:43:25.716Z","service":"server","env":"development","err":{"name":"Error","message":"Server is not running.","stack":"Error [ERR_SERVER_NOT_RUNNING]: Server is not running.\n    at Server.close (node:net:2358:12)\n    at Object.onceWrapper (node:events:632:28)\n    at Server.emit (node:events:518:28)\n    at emitCloseNT (node:net:2418:8)\n    at process.processTicksAndRejections (node:internal/process/task_queues:89:21)","pg":{"code":"ERR_SERVER_NOT_RUNNING"},"explanation":"Server is not running."},"msg":"Error during shutdown"}
{"level":"info","time":"2026-09-18T22:43:26.001Z","service":"server","env":"development","msg":"Server is running on port http://localhost:5000 in development mode"}
{"level":"debug","time":"2026-09-18T22:43:26.036Z","service":"server","env":"development","msg":"✅ Connected to localhost:5432/kevroo database successfully"}
{"level":"info","time":"2026-09-18T22:43:26.038Z","service":"server","env":"development","msg":"✅ PostgresSQL connected: localhost:5432/kevroo"}
{"level":"info","time":"2026-09-18T22:43:26.038Z","service":"server","env":"development","msg":"Server running at http://localhost:5000 in development mode"}
{"level":"info","time":"2026-09-26T03:42:24.388Z","service":"server","env":"development","msg":"Server is running on port http://localhost:5000 in development mode"}
{"level":"debug","time":"2026-09-26T03:42:24.437Z","service":"server","env":"development","msg":"✅ Connected to localhost:5432/kevroo database successfully"}
{"level":"info","time":"2026-09-26T03:42:24.443Z","service":"server","env":"development","msg":"✅ PostgresSQL connected: localhost:5432/kevroo"}
{"level":"info","time":"2026-09-26T03:42:24.443Z","service":"server","env":"development","msg":"Server running at http://localhost:5000 in development mode"}
{"level":"info","time":"2026-09-30T05:19:18.115Z","service":"server","env":"development","msg":"Server is running on port http://localhost:5000 in development mode"}
{"level":"debug","time":"2026-09-30T05:19:18.170Z","service":"server","env":"development","msg":"✅ Connected to localhost:5432/kevroo database successfully"}
{"level":"info","time":"2026-09-30T05:19:18.177Z","service":"server","env":"development","msg":"✅ PostgresSQL connected: localhost:5432/kevroo"}
{"level":"info","time":"2026-09-30T05:19:18.177Z","service":"server","env":"development","msg":"Server running at http://localhost:5000 in development mode"}
{"level":"info","time":"2026-09-30T18:39:47.850Z","service":"server","env":"development","msg":"Server is running on port http://localhost:5000 in development mode"}
{"level":"debug","time":"2026-09-30T18:39:47.909Z","service":"server","env":"development","msg":"✅ Connected to localhost:5432/kevroo database successfully"}
{"level":"info","time":"2026-09-30T18:39:47.916Z","service":"server","env":"development","msg":"✅ PostgresSQL connected: localhost:5432/kevroo"}
{"level":"info","time":"2026-09-30T18:39:47.917Z","service":"server","env":"development","msg":"Server running at http://localhost:5000 in development mode"}
{"level":"info","time":"2026-09-30T18:41:42.792Z","service":"server","env":"development","msg":"Server is running on port http://localhost:5000 in development mode"}
{"level":"debug","time":"2026-09-30T18:41:42.841Z","service":"server","env":"development","msg":"✅ Connected to localhost:5432/kevroo database successfully"}
{"level":"info","time":"2026-09-30T18:41:42.844Z","service":"server","env":"development","msg":"✅ PostgresSQL connected: localhost:5432/kevroo"}
{"level":"info","time":"2026-09-30T18:41:42.845Z","service":"server","env":"development","msg":"✅ Server running at http://localhost:5000 in development mode"}
{"level":"info","time":"2026-09-30T18:41:52.364Z","service":"server","env":"development","msg":"SIGTERM received, shutting down gracefully…"}
{"level":"error","time":"2026-09-30T18:41:52.365Z","service":"server","env":"development","err":{"name":"Error","message":"Server is not running.","stack":"Error [ERR_SERVER_NOT_RUNNING]: Server is not running.\n    at Server.close (node:net:2358:12)\n    at Object.onceWrapper (node:events:632:28)\n    at Server.emit (node:events:518:28)\n    at emitCloseNT (node:net:2418:8)\n    at process.processTicksAndRejections (node:internal/process/task_queues:89:21)","pg":{"code":"ERR_SERVER_NOT_RUNNING"},"explanation":"Server is not running."},"msg":"Error during shutdown"}
{"level":"info","time":"2026-09-30T18:41:52.843Z","service":"server","env":"development","msg":"Server is running on port http://localhost:5000 in development mode"}
{"level":"debug","time":"2026-09-30T18:41:52.912Z","service":"server","env":"development","msg":"✅ Connected to localhost:5432/kevroo database successfully"}
{"level":"info","time":"2026-09-30T18:41:52.914Z","service":"server","env":"development","msg":"✅ PostgresSQL connected: localhost:5432/kevroo"}
{"level":"info","time":"2026-09-30T18:41:52.915Z","service":"server","env":"development","msg":"✅ Server running at http://localhost:5000 in development mode"}
{"level":"info","time":"2026-09-30T18:42:01.408Z","service":"server","env":"development","msg":"SIGTERM received, shutting down gracefully…"}
{"level":"error","time":"2026-09-30T18:42:01.409Z","service":"server","env":"development","err":{"name":"Error","message":"Server is not running.","stack":"Error [ERR_SERVER_NOT_RUNNING]: Server is not running.\n    at Server.close (node:net:2358:12)\n    at Object.onceWrapper (node:events:632:28)\n    at Server.emit (node:events:518:28)\n    at emitCloseNT (node:net:2418:8)\n    at process.processTicksAndRejections (node:internal/process/task_queues:89:21)","pg":{"code":"ERR_SERVER_NOT_RUNNING"},"explanation":"Server is not running."},"msg":"Error during shutdown"}
{"level":"info","time":"2026-09-30T18:42:01.866Z","service":"server","env":"development","msg":"Server is running on port http://localhost:5000 in development mode"}
{"level":"debug","time":"2026-09-30T18:42:01.906Z","service":"server","env":"development","msg":"✅ Connected to localhost:5432/kevroo database successfully"}
{"level":"info","time":"2026-09-30T18:42:01.908Z","service":"server","env":"development","msg":"✅ PostgresSQL connected: localhost:5432/kevroo"}
{"level":"info","time":"2026-09-30T18:42:01.909Z","service":"server","env":"development","msg":"✅ Server running at http://localhost:5000 in development mode"}
{"level":"info","time":"2026-09-30T18:42:17.127Z","service":"server","env":"development","msg":"SIGINT received, shutting down gracefully…"}
{"level":"error","time":"2026-09-30T18:42:17.128Z","service":"server","env":"development","err":{"name":"Error","message":"Server is not running.","stack":"Error [ERR_SERVER_NOT_RUNNING]: Server is not running.\n    at Server.close (node:net:2358:12)\n    at Object.onceWrapper (node:events:632:28)\n    at Server.emit (node:events:518:28)\n    at emitCloseNT (node:net:2418:8)\n    at process.processTicksAndRejections (node:internal/process/task_queues:89:21)","pg":{"code":"ERR_SERVER_NOT_RUNNING"},"explanation":"Server is not running."},"msg":"Error during shutdown"}
{"level":"info","time":"2026-09-30T21:02:55.154Z","service":"server","env":"development","msg":"Server is running on port http://localhost:5000 in development mode"}
{"level":"debug","time":"2026-09-30T21:02:55.207Z","service":"server","env":"development","msg":"✅ Connected to localhost:5432/kevroo database successfully"}
{"level":"info","time":"2026-09-30T21:02:55.214Z","service":"server","env":"development","msg":"✅ PostgresSQL connected: localhost:5432/kevroo"}
{"level":"info","time":"2026-09-30T21:02:55.214Z","service":"server","env":"development","msg":"✅ Server running at http://localhost:5000 in development mode"}
{"level":"info","time":"2026-09-30T21:03:21.595Z","service":"server","env":"development","msg":"SIGTERM received, shutting down gracefully…"}
{"level":"error","time":"2026-09-30T21:03:21.597Z","service":"server","env":"development","err":{"name":"Error","message":"Server is not running.","stack":"Error [ERR_SERVER_NOT_RUNNING]: Server is not running.\n    at Server.close (node:net:2358:12)\n    at Object.onceWrapper (node:events:632:28)\n    at Server.emit (node:events:518:28)\n    at emitCloseNT (node:net:2418:8)\n    at process.processTicksAndRejections (node:internal/process/task_queues:89:21)","pg":{"code":"ERR_SERVER_NOT_RUNNING"},"explanation":"Server is not running."},"msg":"Error during shutdown"}
{"level":"info","time":"2026-09-30T21:03:22.048Z","service":"server","env":"development","msg":"Server is running on port http://localhost:5000 in development mode"}
{"level":"debug","time":"2026-09-30T21:03:22.087Z","service":"server","env":"development","msg":"✅ Connected to localhost:5432/kevroo database successfully"}
{"level":"info","time":"2026-09-30T21:03:22.089Z","service":"server","env":"development","msg":"✅ PostgresSQL connected: localhost:5432/kevroo"}
{"level":"info","time":"2026-09-30T21:03:22.090Z","service":"server","env":"development","msg":"✅ Server running at http://localhost:5000 in development mode"}
{"level":"info","time":"2026-09-30T21:05:27.818Z","service":"server","env":"development","msg":"Server is running on port http://localhost:5000 in development mode"}
{"level":"debug","time":"2026-09-30T21:05:27.861Z","service":"server","env":"development","msg":"✅ Connected to localhost:5432/kevroo database successfully"}
{"level":"info","time":"2026-09-30T21:05:27.863Z","service":"server","env":"development","msg":"✅ PostgresSQL connected: localhost:5432/kevroo"}
{"level":"info","time":"2026-09-30T21:05:27.864Z","service":"server","env":"development","msg":"✅ Server running at http://localhost:5000 in development mode"}
{"level":"info","time":"2026-09-30T21:11:35.874Z","service":"server","env":"development","msg":"Server is running on port http://localhost:5000 in development mode"}
{"level":"debug","time":"2026-09-30T21:11:35.917Z","service":"server","env":"development","msg":"✅ Connected to localhost:5432/kevroo database successfully"}
{"level":"info","time":"2026-09-30T21:11:35.918Z","service":"server","env":"development","msg":"✅ PostgresSQL connected: localhost:5432/kevroo"}
{"level":"info","time":"2026-09-30T21:11:35.919Z","service":"server","env":"development","msg":"✅ Server running at http://localhost:5000 in development mode"}
{"level":"info","time":"2026-10-02T14:33:13.456Z","service":"server","env":"development","msg":"Server is running on port http://localhost:5000 in development mode"}
{"level":"debug","time":"2026-10-02T14:33:13.519Z","service":"server","env":"development","msg":"✅ Connected to localhost:5432/kevroo database successfully"}
{"level":"info","time":"2026-10-02T14:33:13.528Z","service":"server","env":"development","msg":"✅ PostgresSQL connected: localhost:5432/kevroo"}
{"level":"info","time":"2026-10-02T14:33:13.528Z","service":"server","env":"development","msg":"✅ Server running at http://localhost:5000 in development mode"}
{"level":"info","time":"2026-10-02T15:26:52.586Z","service":"server","env":"development","msg":"Server is running on port http://localhost:5000 in development mode"}
{"level":"debug","time":"2026-10-02T15:26:52.632Z","service":"server","env":"development","msg":"✅ Connected to localhost:5432/kevroo database successfully"}
{"level":"info","time":"2026-10-02T15:26:52.639Z","service":"server","env":"development","msg":"✅ PostgresSQL connected: localhost:5432/kevroo"}
{"level":"info","time":"2026-10-02T15:26:52.639Z","service":"server","env":"development","msg":"✅ Server running at http://localhost:5000 in development mode"}
{"level":"info","time":"2026-10-02T15:28:50.458Z","service":"server","env":"development","msg":"Server is running on port http://localhost:5000 in development mode"}
{"level":"debug","time":"2026-10-02T15:28:50.514Z","service":"server","env":"development","msg":"✅ Connected to localhost:5432/kevroo database successfully"}
{"level":"info","time":"2026-10-02T15:28:50.516Z","service":"server","env":"development","msg":"✅ PostgresSQL connected: localhost:5432/kevroo"}
{"level":"info","time":"2026-10-02T15:28:50.516Z","service":"server","env":"development","msg":"✅ Server running at http://localhost:5000 in development mode"}
{"level":"info","time":"2026-10-02T15:30:15.808Z","service":"server","env":"development","msg":"Server is running on port http://localhost:5000 in development mode"}
{"level":"debug","time":"2026-10-02T15:30:15.845Z","service":"server","env":"development","msg":"✅ Connected to localhost:5432/kevroo database successfully"}
{"level":"info","time":"2026-10-02T15:30:15.846Z","service":"server","env":"development","msg":"✅ PostgresSQL connected: localhost:5432/kevroo"}
{"level":"info","time":"2026-10-02T15:30:15.847Z","service":"server","env":"development","msg":"✅ Server running at http://localhost:5000 in development mode"}
{"level":"info","time":"2026-10-02T15:31:26.926Z","service":"server","env":"development","msg":"Server is running on port http://localhost:5000 in development mode"}
{"level":"debug","time":"2026-10-02T15:31:26.966Z","service":"server","env":"development","msg":"✅ Connected to localhost:5432/kevroo database successfully"}
{"level":"info","time":"2026-10-02T15:31:26.968Z","service":"server","env":"development","msg":"✅ PostgresSQL connected: localhost:5432/kevroo"}
{"level":"info","time":"2026-10-02T15:31:26.969Z","service":"server","env":"development","msg":"✅ Server running at http://localhost:5000 in development mode"}
{"level":"info","time":"2026-10-02T15:35:57.008Z","service":"server","env":"development","msg":"Server is running on port http://localhost:5000 in development mode"}
{"level":"debug","time":"2026-10-02T15:35:57.045Z","service":"server","env":"development","msg":"✅ Connected to localhost:5432/kevroo database successfully"}
{"level":"info","time":"2026-10-02T15:35:57.047Z","service":"server","env":"development","msg":"✅ PostgresSQL connected: localhost:5432/kevroo"}
{"level":"info","time":"2026-10-02T15:35:57.047Z","service":"server","env":"development","msg":"✅ Server running at http://localhost:5000 in development mode"}
{"level":"info","time":"2026-10-02T15:36:27.734Z","service":"server","env":"development","msg":"Server is running on port http://localhost:5000 in development mode"}
{"level":"debug","time":"2026-10-02T15:36:27.775Z","service":"server","env":"development","msg":"✅ Connected to localhost:5432/kevroo database successfully"}
{"level":"info","time":"2026-10-02T15:36:27.777Z","service":"server","env":"development","msg":"✅ PostgresSQL connected: localhost:5432/kevroo"}
{"level":"info","time":"2026-10-02T15:36:27.777Z","service":"server","env":"development","msg":"✅ Server running at http://localhost:5000 in development mode"}
{"level":"info","time":"2026-10-02T15:40:25.194Z","service":"server","env":"development","msg":"Server is running on port http://localhost:5000 in development mode"}
{"level":"debug","time":"2026-10-02T15:40:25.232Z","service":"server","env":"development","msg":"✅ Connected to localhost:5432/kevroo database successfully"}
{"level":"info","time":"2026-10-02T15:40:25.234Z","service":"server","env":"development","msg":"✅ PostgresSQL connected: localhost:5432/kevroo"}
{"level":"info","time":"2026-10-02T15:40:25.235Z","service":"server","env":"development","msg":"✅ Server running at http://localhost:5000 in development mode"}
{"level":"info","time":"2026-10-02T15:43:48.035Z","service":"server","env":"development","msg":"Server is running on port http://localhost:5000 in development mode"}
{"level":"debug","time":"2026-10-02T15:43:48.090Z","service":"server","env":"development","msg":"✅ Connected to localhost:5432/kevroo database successfully"}
{"level":"info","time":"2026-10-02T15:43:48.092Z","service":"server","env":"development","msg":"✅ PostgresSQL connected: localhost:5432/kevroo"}
{"level":"info","time":"2026-10-02T15:43:48.092Z","service":"server","env":"development","msg":"✅ Server running at http://localhost:5000 in development mode"}
{"level":"info","time":"2026-10-02T15:44:15.089Z","service":"server","env":"development","msg":"SIGTERM received, shutting down gracefully…"}
{"level":"error","time":"2026-10-02T15:44:15.090Z","service":"server","env":"development","err":{"name":"Error","message":"Server is not running.","stack":"Error [ERR_SERVER_NOT_RUNNING]: Server is not running.\n    at Server.close (node:net:2358:12)\n    at Object.onceWrapper (node:events:632:28)\n    at Server.emit (node:events:518:28)\n    at emitCloseNT (node:net:2418:8)\n    at process.processTicksAndRejections (node:internal/process/task_queues:89:21)","pg":{"code":"ERR_SERVER_NOT_RUNNING"},"explanation":"Server is not running."},"msg":"Error during shutdown"}
{"level":"info","time":"2026-10-02T15:44:15.785Z","service":"server","env":"development","msg":"Server is running on port http://localhost:5000 in development mode"}
{"level":"debug","time":"2026-10-02T15:44:15.823Z","service":"server","env":"development","msg":"✅ Connected to localhost:5432/kevroo database successfully"}
{"level":"info","time":"2026-10-02T15:44:15.825Z","service":"server","env":"development","msg":"✅ PostgresSQL connected: localhost:5432/kevroo"}
{"level":"info","time":"2026-10-02T15:44:15.826Z","service":"server","env":"development","msg":"✅ Server running at http://localhost:5000 in development mode"}
{"level":"info","time":"2026-10-02T15:45:24.234Z","service":"server","env":"development","msg":"Server is running on port http://localhost:5000 in development mode"}
{"level":"debug","time":"2026-10-02T15:45:24.298Z","service":"server","env":"development","msg":"✅ Connected to localhost:5432/kevroo database successfully"}
{"level":"info","time":"2026-10-02T15:45:24.300Z","service":"server","env":"development","msg":"✅ PostgresSQL connected: localhost:5432/kevroo"}
{"level":"info","time":"2026-10-02T15:45:24.301Z","service":"server","env":"development","msg":"✅ Server running at http://localhost:5000 in development mode"}
{"level":"info","time":"2026-10-02T15:45:24.488Z","service":"server","env":"development","msg":"SIGTERM received, shutting down gracefully…"}
{"level":"error","time":"2026-10-02T15:45:24.489Z","service":"server","env":"development","err":{"name":"Error","message":"Server is not running.","stack":"Error [ERR_SERVER_NOT_RUNNING]: Server is not running.\n    at Server.close (node:net:2358:12)\n    at Object.onceWrapper (node:events:632:28)\n    at Server.emit (node:events:518:28)\n    at emitCloseNT (node:net:2418:8)\n    at process.processTicksAndRejections (node:internal/process/task_queues:89:21)","pg":{"code":"ERR_SERVER_NOT_RUNNING"},"explanation":"Server is not running."},"msg":"Error during shutdown"}
{"level":"info","time":"2026-10-02T15:45:24.904Z","service":"server","env":"development","msg":"Server is running on port http://localhost:5000 in development mode"}
{"level":"debug","time":"2026-10-02T15:45:25.055Z","service":"server","env":"development","msg":"✅ Connected to localhost:5432/kevroo database successfully"}
{"level":"info","time":"2026-10-02T15:45:25.058Z","service":"server","env":"development","msg":"✅ PostgresSQL connected: localhost:5432/kevroo"}
{"level":"info","time":"2026-10-02T15:45:25.059Z","service":"server","env":"development","msg":"✅ Server running at http://localhost:5000 in development mode"}
{"level":"info","time":"2026-10-02T15:45:40.819Z","service":"server","env":"development","msg":"Server is running on port http://localhost:5000 in development mode"}
{"level":"debug","time":"2026-10-02T15:45:40.857Z","service":"server","env":"development","msg":"✅ Connected to localhost:5432/kevroo database successfully"}
{"level":"info","time":"2026-10-02T15:45:40.859Z","service":"server","env":"development","msg":"✅ PostgresSQL connected: localhost:5432/kevroo"}
{"level":"info","time":"2026-10-02T15:45:40.859Z","service":"server","env":"development","msg":"✅ Server running at http://localhost:5000 in development mode"}
{"level":"info","time":"2026-10-02T15:45:50.322Z","service":"server","env":"development","msg":"SIGINT received, shutting down gracefully…"}
{"level":"error","time":"2026-10-02T15:45:50.323Z","service":"server","env":"development","err":{"name":"Error","message":"Server is not running.","stack":"Error [ERR_SERVER_NOT_RUNNING]: Server is not running.\n    at Server.close (node:net:2358:12)\n    at Object.onceWrapper (node:events:632:28)\n    at Server.emit (node:events:518:28)\n    at emitCloseNT (node:net:2418:8)\n    at process.processTicksAndRejections (node:internal/process/task_queues:89:21)","pg":{"code":"ERR_SERVER_NOT_RUNNING"},"explanation":"Server is not running."},"msg":"Error during shutdown"}
{"level":"info","time":"2026-10-02T15:46:00.220Z","service":"server","env":"development","msg":"Server is running on port http://localhost:5000 in development mode"}
{"level":"debug","time":"2026-10-02T15:46:00.254Z","service":"server","env":"development","msg":"✅ Connected to localhost:5432/kevroo database successfully"}
{"level":"info","time":"2026-10-02T15:46:00.255Z","service":"server","env":"development","msg":"✅ PostgresSQL connected: localhost:5432/kevroo"}
{"level":"info","time":"2026-10-02T15:46:00.256Z","service":"server","env":"development","msg":"✅ Server running at http://localhost:5000 in development mode"}
{"level":"info","time":"2026-10-02T15:46:28.341Z","service":"server","env":"development","msg":"SIGTERM received, shutting down gracefully…"}
{"level":"error","time":"2026-10-02T15:46:28.342Z","service":"server","env":"development","err":{"name":"Error","message":"Server is not running.","stack":"Error [ERR_SERVER_NOT_RUNNING]: Server is not running.\n    at Server.close (node:net:2358:12)\n    at Object.onceWrapper (node:events:632:28)\n    at Server.emit (node:events:518:28)\n    at emitCloseNT (node:net:2418:8)\n    at process.processTicksAndRejections (node:internal/process/task_queues:89:21)","pg":{"code":"ERR_SERVER_NOT_RUNNING"},"explanation":"Server is not running."},"msg":"Error during shutdown"}
{"level":"info","time":"2026-10-02T15:46:29.194Z","service":"server","env":"development","msg":"Server is running on port http://localhost:5000 in development mode"}
{"level":"debug","time":"2026-10-02T15:46:29.238Z","service":"server","env":"development","msg":"✅ Connected to localhost:5432/kevroo database successfully"}
{"level":"info","time":"2026-10-02T15:46:29.240Z","service":"server","env":"development","msg":"✅ PostgresSQL connected: localhost:5432/kevroo"}
{"level":"info","time":"2026-10-02T15:46:29.241Z","service":"server","env":"development","msg":"✅ Server running at http://localhost:5000 in development mode"}
{"level":"info","time":"2026-10-02T15:46:41.876Z","service":"server","env":"development","msg":"SIGTERM received, shutting down gracefully…"}
{"level":"error","time":"2026-10-02T15:46:41.878Z","service":"server","env":"development","err":{"name":"Error","message":"Server is not running.","stack":"Error [ERR_SERVER_NOT_RUNNING]: Server is not running.\n    at Server.close (node:net:2358:12)\n    at Object.onceWrapper (node:events:632:28)\n    at Server.emit (node:events:518:28)\n    at emitCloseNT (node:net:2418:8)\n    at process.processTicksAndRejections (node:internal/process/task_queues:89:21)","pg":{"code":"ERR_SERVER_NOT_RUNNING"},"explanation":"Server is not running."},"msg":"Error during shutdown"}
{"level":"info","time":"2026-10-02T15:46:42.532Z","service":"server","env":"development","msg":"Server is running on port http://localhost:5000 in development mode"}
{"level":"debug","time":"2026-10-02T15:46:42.624Z","service":"server","env":"development","msg":"✅ Connected to localhost:5432/kevroo database successfully"}
{"level":"info","time":"2026-10-02T15:46:42.628Z","service":"server","env":"development","msg":"✅ PostgresSQL connected: localhost:5432/kevroo"}
{"level":"info","time":"2026-10-02T15:46:42.629Z","service":"server","env":"development","msg":"✅ Server running at http://localhost:5000 in development mode"}
{"level":"info","time":"2026-10-02T15:47:26.139Z","service":"server","env":"development","msg":"Server is running on port http://localhost:5000 in development mode"}
{"level":"debug","time":"2026-10-02T15:47:26.178Z","service":"server","env":"development","msg":"✅ Connected to localhost:5432/kevroo database successfully"}
{"level":"info","time":"2026-10-02T15:47:26.179Z","service":"server","env":"development","msg":"✅ PostgresSQL connected: localhost:5432/kevroo"}
{"level":"info","time":"2026-10-02T15:47:26.180Z","service":"server","env":"development","msg":"✅ Server running at http://localhost:5000 in development mode"}
{"level":"info","time":"2026-10-02T15:47:26.647Z","service":"server","env":"development","msg":"SIGTERM received, shutting down gracefully…"}
{"level":"error","time":"2026-10-02T15:47:26.648Z","service":"server","env":"development","err":{"name":"Error","message":"Server is not running.","stack":"Error [ERR_SERVER_NOT_RUNNING]: Server is not running.\n    at Server.close (node:net:2358:12)\n    at Object.onceWrapper (node:events:632:28)\n    at Server.emit (node:events:518:28)\n    at emitCloseNT (node:net:2418:8)\n    at process.processTicksAndRejections (node:internal/process/task_queues:89:21)","pg":{"code":"ERR_SERVER_NOT_RUNNING"},"explanation":"Server is not running."},"msg":"Error during shutdown"}
{"level":"info","time":"2026-10-02T15:47:27.167Z","service":"server","env":"development","msg":"Server is running on port http://localhost:5000 in development mode"}
{"level":"debug","time":"2026-10-02T15:47:27.215Z","service":"server","env":"development","msg":"✅ Connected to localhost:5432/kevroo database successfully"}
{"level":"info","time":"2026-10-02T15:47:27.218Z","service":"server","env":"development","msg":"✅ PostgresSQL connected: localhost:5432/kevroo"}
{"level":"info","time":"2026-10-02T15:47:27.219Z","service":"server","env":"development","msg":"✅ Server running at http://localhost:5000 in development mode"}
{"level":"info","time":"2026-10-02T16:29:06.629Z","service":"server","env":"development","msg":"Server is running on port http://localhost:5000 in development mode"}
{"level":"debug","time":"2026-10-02T16:29:06.672Z","service":"server","env":"development","msg":"✅ Connected to localhost:5432/kevroo database successfully"}
{"level":"info","time":"2026-10-02T16:29:06.679Z","service":"server","env":"development","msg":"✅ PostgresSQL connected: localhost:5432/kevroo"}
{"level":"info","time":"2026-10-02T16:29:06.680Z","service":"server","env":"development","msg":"✅ Server running at http://localhost:5000 in development mode"}
{"level":"info","time":"2026-10-02T16:29:15.107Z","service":"server","env":"development","msg":"SIGTERM received, shutting down gracefully…"}
{"level":"error","time":"2026-10-02T16:29:15.108Z","service":"server","env":"development","err":{"name":"Error","message":"Server is not running.","stack":"Error [ERR_SERVER_NOT_RUNNING]: Server is not running.\n    at Server.close (node:net:2358:12)\n    at Object.onceWrapper (node:events:632:28)\n    at Server.emit (node:events:518:28)\n    at emitCloseNT (node:net:2418:8)\n    at process.processTicksAndRejections (node:internal/process/task_queues:89:21)","pg":{"code":"ERR_SERVER_NOT_RUNNING"},"explanation":"Server is not running."},"msg":"Error during shutdown"}
{"level":"info","time":"2026-10-02T16:29:15.685Z","service":"server","env":"development","msg":"Server is running on port http://localhost:5000 in development mode"}
{"level":"debug","time":"2026-10-02T16:29:15.721Z","service":"server","env":"development","msg":"✅ Connected to localhost:5432/kevroo database successfully"}
{"level":"info","time":"2026-10-02T16:29:15.723Z","service":"server","env":"development","msg":"✅ PostgresSQL connected: localhost:5432/kevroo"}
{"level":"info","time":"2026-10-02T16:29:15.724Z","service":"server","env":"development","msg":"✅ Server running at http://localhost:5000 in development mode"}
{"level":"info","time":"2026-10-02T16:29:15.963Z","service":"server","env":"development","msg":"SIGTERM received, shutting down gracefully…"}
{"level":"error","time":"2026-10-02T16:29:15.963Z","service":"server","env":"development","err":{"name":"Error","message":"Server is not running.","stack":"Error [ERR_SERVER_NOT_RUNNING]: Server is not running.\n    at Server.close (node:net:2358:12)\n    at Object.onceWrapper (node:events:632:28)\n    at Server.emit (node:events:518:28)\n    at emitCloseNT (node:net:2418:8)\n    at process.processTicksAndRejections (node:internal/process/task_queues:89:21)","pg":{"code":"ERR_SERVER_NOT_RUNNING"},"explanation":"Server is not running."},"msg":"Error during shutdown"}
{"level":"info","time":"2026-10-02T16:29:16.405Z","service":"server","env":"development","msg":"Server is running on port http://localhost:5000 in development mode"}
{"level":"debug","time":"2026-10-02T16:29:16.442Z","service":"server","env":"development","msg":"✅ Connected to localhost:5432/kevroo database successfully"}
{"level":"info","time":"2026-10-02T16:29:16.443Z","service":"server","env":"development","msg":"✅ PostgresSQL connected: localhost:5432/kevroo"}
{"level":"info","time":"2026-10-02T16:29:16.451Z","service":"server","env":"development","msg":"✅ Server running at http://localhost:5000 in development mode"}
{"level":"info","time":"2026-10-02T16:29:43.334Z","service":"server","env":"development","msg":"SIGTERM received, shutting down gracefully…"}
{"level":"error","time":"2026-10-02T16:29:43.335Z","service":"server","env":"development","err":{"name":"Error","message":"Server is not running.","stack":"Error [ERR_SERVER_NOT_RUNNING]: Server is not running.\n    at Server.close (node:net:2358:12)\n    at Object.onceWrapper (node:events:632:28)\n    at Server.emit (node:events:518:28)\n    at emitCloseNT (node:net:2418:8)\n    at process.processTicksAndRejections (node:internal/process/task_queues:89:21)","pg":{"code":"ERR_SERVER_NOT_RUNNING"},"explanation":"Server is not running."},"msg":"Error during shutdown"}
{"level":"info","time":"2026-10-02T16:29:44.007Z","service":"server","env":"development","msg":"Server is running on port http://localhost:5000 in development mode"}
{"level":"debug","time":"2026-10-02T16:29:44.044Z","service":"server","env":"development","msg":"✅ Connected to localhost:5432/kevroo database successfully"}
{"level":"info","time":"2026-10-02T16:29:44.046Z","service":"server","env":"development","msg":"✅ PostgresSQL connected: localhost:5432/kevroo"}
{"level":"info","time":"2026-10-02T16:29:44.046Z","service":"server","env":"development","msg":"✅ Server running at http://localhost:5000 in development mode"}
{"level":"info","time":"2026-10-02T16:30:15.082Z","service":"server","env":"development","msg":"Server is running on port http://localhost:5000 in development mode"}
{"level":"debug","time":"2026-10-02T16:30:15.120Z","service":"server","env":"development","msg":"✅ Connected to localhost:5432/kevroo database successfully"}
{"level":"info","time":"2026-10-02T16:30:15.122Z","service":"server","env":"development","msg":"✅ PostgresSQL connected: localhost:5432/kevroo"}
{"level":"info","time":"2026-10-02T16:30:15.123Z","service":"server","env":"development","msg":"✅ Server running at http://localhost:5000 in development mode"}
{"level":"info","time":"2026-10-02T16:56:25.786Z","service":"server","env":"development","msg":"Server is running on port http://localhost:5000 in development mode"}
{"level":"debug","time":"2026-10-02T16:56:25.867Z","service":"server","env":"development","msg":"✅ Connected to localhost:5432/kevroo database successfully"}
{"level":"info","time":"2026-10-02T16:56:25.871Z","service":"server","env":"development","msg":"✅ PostgresSQL connected: localhost:5432/kevroo"}
{"level":"info","time":"2026-10-02T16:56:25.872Z","service":"server","env":"development","msg":"✅ Server running at http://localhost:5000 in development mode"}
{"level":"info","time":"2026-10-02T16:56:52.235Z","service":"server","env":"development","msg":"SIGTERM received, shutting down gracefully…"}
{"level":"error","time":"2026-10-02T16:56:52.236Z","service":"server","env":"development","err":{"name":"Error","message":"Server is not running.","stack":"Error [ERR_SERVER_NOT_RUNNING]: Server is not running.\n    at Server.close (node:net:2358:12)\n    at Object.onceWrapper (node:events:632:28)\n    at Server.emit (node:events:518:28)\n    at emitCloseNT (node:net:2418:8)\n    at process.processTicksAndRejections (node:internal/process/task_queues:89:21)","pg":{"code":"ERR_SERVER_NOT_RUNNING"},"explanation":"Server is not running."},"msg":"Error during shutdown"}
{"level":"info","time":"2026-10-02T16:56:52.821Z","service":"server","env":"development","msg":"Server is running on port http://localhost:5000 in development mode"}
{"level":"debug","time":"2026-10-02T16:56:52.865Z","service":"server","env":"development","msg":"✅ Connected to localhost:5432/kevroo database successfully"}
{"level":"info","time":"2026-10-02T16:56:52.867Z","service":"server","env":"development","msg":"✅ PostgresSQL connected: localhost:5432/kevroo"}
{"level":"info","time":"2026-10-02T16:56:52.867Z","service":"server","env":"development","msg":"✅ Server running at http://localhost:5000 in development mode"}
{"level":"info","time":"2026-10-02T16:59:50.869Z","service":"server","env":"development","msg":"Server is running on port http://localhost:5000 in development mode"}
{"level":"debug","time":"2026-10-02T16:59:50.968Z","service":"server","env":"development","msg":"✅ Connected to localhost:5432/kevroo database successfully"}
{"level":"info","time":"2026-10-02T16:59:50.970Z","service":"server","env":"development","msg":"✅ PostgresSQL connected: localhost:5432/kevroo"}
{"level":"info","time":"2026-10-02T16:59:50.970Z","service":"server","env":"development","msg":"✅ Server running at http://localhost:5000 in development mode"}
{"level":"info","time":"2026-10-02T16:59:51.548Z","service":"server","env":"development","msg":"SIGTERM received, shutting down gracefully…"}
{"level":"error","time":"2026-10-02T16:59:51.549Z","service":"server","env":"development","err":{"name":"Error","message":"Server is not running.","stack":"Error [ERR_SERVER_NOT_RUNNING]: Server is not running.\n    at Server.close (node:net:2358:12)\n    at Object.onceWrapper (node:events:632:28)\n    at Server.emit (node:events:518:28)\n    at emitCloseNT (node:net:2418:8)\n    at process.processTicksAndRejections (node:internal/process/task_queues:89:21)","pg":{"code":"ERR_SERVER_NOT_RUNNING"},"explanation":"Server is not running."},"msg":"Error during shutdown"}
{"level":"info","time":"2026-10-02T16:59:51.973Z","service":"server","env":"development","msg":"Server is running on port http://localhost:5000 in development mode"}
{"level":"debug","time":"2026-10-02T16:59:52.012Z","service":"server","env":"development","msg":"✅ Connected to localhost:5432/kevroo database successfully"}
{"level":"info","time":"2026-10-02T16:59:52.014Z","service":"server","env":"development","msg":"✅ PostgresSQL connected: localhost:5432/kevroo"}
{"level":"info","time":"2026-10-02T16:59:52.014Z","service":"server","env":"development","msg":"✅ Server running at http://localhost:5000 in development mode"}
{"level":"info","time":"2026-10-02T16:59:56.946Z","service":"server","env":"development","msg":"SIGTERM received, shutting down gracefully…"}
{"level":"error","time":"2026-10-02T16:59:56.946Z","service":"server","env":"development","err":{"name":"Error","message":"Server is not running.","stack":"Error [ERR_SERVER_NOT_RUNNING]: Server is not running.\n    at Server.close (node:net:2358:12)\n    at Object.onceWrapper (node:events:632:28)\n    at Server.emit (node:events:518:28)\n    at emitCloseNT (node:net:2418:8)\n    at process.processTicksAndRejections (node:internal/process/task_queues:89:21)","pg":{"code":"ERR_SERVER_NOT_RUNNING"},"explanation":"Server is not running."},"msg":"Error during shutdown"}
{"level":"info","time":"2026-10-02T16:59:57.390Z","service":"server","env":"development","msg":"Server is running on port http://localhost:5000 in development mode"}
{"level":"debug","time":"2026-10-02T16:59:57.425Z","service":"server","env":"development","msg":"✅ Connected to localhost:5432/kevroo database successfully"}
{"level":"info","time":"2026-10-02T16:59:57.427Z","service":"server","env":"development","msg":"✅ PostgresSQL connected: localhost:5432/kevroo"}
{"level":"info","time":"2026-10-02T16:59:57.427Z","service":"server","env":"development","msg":"✅ Server running at http://localhost:5000 in development mode"}
{"level":"info","time":"2026-10-02T16:59:57.831Z","service":"server","env":"development","msg":"SIGTERM received, shutting down gracefully…"}
{"level":"error","time":"2026-10-02T16:59:57.831Z","service":"server","env":"development","err":{"name":"Error","message":"Server is not running.","stack":"Error [ERR_SERVER_NOT_RUNNING]: Server is not running.\n    at Server.close (node:net:2358:12)\n    at Object.onceWrapper (node:events:632:28)\n    at Server.emit (node:events:518:28)\n    at emitCloseNT (node:net:2418:8)\n    at process.processTicksAndRejections (node:internal/process/task_queues:89:21)","pg":{"code":"ERR_SERVER_NOT_RUNNING"},"explanation":"Server is not running."},"msg":"Error during shutdown"}
{"level":"info","time":"2026-10-02T16:59:58.301Z","service":"server","env":"development","msg":"Server is running on port http://localhost:5000 in development mode"}
{"level":"debug","time":"2026-10-02T16:59:58.337Z","service":"server","env":"development","msg":"✅ Connected to localhost:5432/kevroo database successfully"}
{"level":"info","time":"2026-10-02T16:59:58.340Z","service":"server","env":"development","msg":"✅ PostgresSQL connected: localhost:5432/kevroo"}
{"level":"info","time":"2026-10-02T16:59:58.341Z","service":"server","env":"development","msg":"✅ Server running at http://localhost:5000 in development mode"}
{"level":"info","time":"2026-10-02T17:00:24.790Z","service":"server","env":"development","msg":"SIGTERM received, shutting down gracefully…"}
{"level":"error","time":"2026-10-02T17:00:24.792Z","service":"server","env":"development","err":{"name":"Error","message":"Server is not running.","stack":"Error [ERR_SERVER_NOT_RUNNING]: Server is not running.\n    at Server.close (node:net:2358:12)\n    at Object.onceWrapper (node:events:632:28)\n    at Server.emit (node:events:518:28)\n    at emitCloseNT (node:net:2418:8)\n    at process.processTicksAndRejections (node:internal/process/task_queues:89:21)","pg":{"code":"ERR_SERVER_NOT_RUNNING"},"explanation":"Server is not running."},"msg":"Error during shutdown"}
{"level":"debug","time":"2026-10-02T17:00:25.465Z","service":"server","env":"development","msg":"✅ Connected to localhost:5432/kevroo database successfully"}
{"level":"info","time":"2026-10-02T17:00:25.468Z","service":"server","env":"development","msg":"✅ PostgresSQL connected: localhost:5432/kevroo"}
{"level":"info","time":"2026-10-02T17:00:25.470Z","service":"server","env":"development","msg":"✅ Server running at http://localhost:5000 in development mode"}
{"level":"debug","time":"2026-10-02T17:02:25.973Z","service":"server","env":"development","msg":"✅ Connected to localhost:5432/kevroo database successfully"}
{"level":"info","time":"2026-10-02T17:02:25.977Z","service":"server","env":"development","msg":"✅ PostgresSQL connected: localhost:5432/kevroo"}
{"level":"info","time":"2026-10-02T17:02:25.978Z","service":"server","env":"development","msg":"✅ Server running at http://localhost:5000 in development mode"}
{"level":"debug","time":"2026-10-02T17:03:29.758Z","service":"server","env":"development","msg":"✅ Connected to localhost:5432/kevroo database successfully"}
{"level":"info","time":"2026-10-02T17:03:29.762Z","service":"server","env":"development","msg":"✅ PostgresSQL connected: localhost:5432/kevroo"}
{"level":"info","time":"2026-10-02T17:03:29.764Z","service":"server","env":"development","msg":"✅ Server running at http://localhost:5000 in development mode"}
{"level":"debug","time":"2026-10-02T17:04:35.117Z","service":"server","env":"development","msg":"✅ Connected to localhost:5432/kevroo database successfully"}
{"level":"info","time":"2026-10-02T17:04:35.121Z","service":"server","env":"development","msg":"✅ PostgresSQL connected: localhost:5432/kevroo"}
{"level":"info","time":"2026-10-02T17:04:35.122Z","service":"server","env":"development","msg":"✅ Server running at http://localhost:5000 in development mode"}
{"level":"debug","time":"2026-10-02T17:05:26.298Z","service":"server","env":"development","msg":"✅ Connected to localhost:5432/kevroo database successfully"}
{"level":"error","time":"2026-10-02T17:05:26.304Z","service":"server","env":"development","err":{"name":"error","message":"relation \"greetings\" does not exist","stack":"error: relation \"greetings\" does not exist\n    at /Users/kevroo/Desktop/Template_v1/server/node_modules/pg-pool/index.js:45:11\n    at process.processTicksAndRejections (node:internal/process/task_queues:105:5)\n    at async query (/Users/kevroo/Desktop/Template_v1/server/src/database/db.ts:57:20)\n    at async <anonymous> (/Users/kevroo/Desktop/Template_v1/server/src/routes/greetings/greetings.routes.ts:75:23)","pg":{"code":"42P01","routine":"parserOpenTable"},"explanation":"Table does not exist — are migrations up to date?"},"text":"SELECT COUNT(*)::text AS total\n     FROM greetings\n     WHERE ($1 = '' OR name ILIKE '%' || $1 || '%')","paramCount":1,"msg":"Query failed"}
{"level":"error","time":"2026-10-02T17:05:26.307Z","service":"server","env":"development","err":{"name":"error","message":"relation \"greetings\" does not exist","stack":"error: relation \"greetings\" does not exist\n    at /Users/kevroo/Desktop/Template_v1/server/node_modules/pg-pool/index.js:45:11\n    at process.processTicksAndRejections (node:internal/process/task_queues:105:5)\n    at async query (/Users/kevroo/Desktop/Template_v1/server/src/database/db.ts:57:20)\n    at async <anonymous> (/Users/kevroo/Desktop/Template_v1/server/src/routes/greetings/greetings.routes.ts:75:23)","pg":{"code":"42P01","routine":"parserOpenTable"},"explanation":"Table does not exist — are migrations up to date?"},"msg":"Unhandled request error"}
{"level":"warn","time":"2026-10-02T17:05:26.311Z","service":"server","env":"development","req":{"id":"8a702ad6-ad17-47a2-ba61-3cd680b90d44","method":"GET","url":"/api/unknown","query":{},"params":"[redacted]","headers":{"host":"127.0.0.1:49985","accept-encoding":"gzip, deflate","connection":"close"},"remoteAddress":"::ffff:127.0.0.1","remotePort":49986},"res":{"statusCode":404,"headers":{"cross-origin-opener-policy":"same-origin","cross-origin-resource-policy":"same-origin","origin-agent-cluster":"?1","referrer-policy":"no-referrer","strict-transport-security":"max-age=31536000; includeSubDomains","x-content-type-options":"nosniff","x-dns-prefetch-control":"off","x-download-options":"noopen","x-frame-options":"SAMEORIGIN","x-permitted-cross-domain-policies":"none","x-xss-protection":"0","vary":"Origin, Accept-Encoding","access-control-allow-credentials":"true","x-request-id":"8a702ad6-ad17-47a2-ba61-3cd680b90d44","content-type":"application/json; charset=utf-8","content-length":"41","etag":"W/\"29-55XsTlBHZaqXTl0KdluMFTYGa5M\""}},"responseTime":1,"msg":"request completed"}
{"level":"debug","time":"2026-10-02T17:06:47.138Z","service":"server","env":"development","msg":"✅ Connected to localhost:5432/kevroo database successfully"}
{"level":"info","time":"2026-10-02T17:06:47.147Z","service":"server","env":"development","msg":"Starting database migrations…"}
{"level":"info","time":"2026-10-02T17:06:47.162Z","service":"server","env":"development","msg":"Applying migration: 001_migration_table"}
{"level":"info","time":"2026-10-02T17:06:47.168Z","service":"server","env":"development","msg":"Applying migration: 002_greetings"}
{"level":"info","time":"2026-10-02T17:06:47.186Z","service":"server","env":"development","msg":"Applied 2 migration(s)"}
{"level":"info","time":"2026-10-02T17:06:47.187Z","service":"server","env":"development","msg":"Postgres pool closed"}
{"level":"debug","time":"2026-10-02T17:06:57.441Z","service":"server","env":"development","msg":"✅ Connected to localhost:5432/kevroo database successfully"}
{"level":"debug","time":"2026-10-02T17:06:57.448Z","service":"server","env":"development","text":"SELECT COUNT(*)::text AS total\n     FROM greetings\n     WHERE ($1 = '' OR name ILIKE '%' || $1 || '%')","duration":57,"rows":1,"msg":"Query executed"}
{"level":"debug","time":"2026-10-02T17:06:57.449Z","service":"server","env":"development","text":"SELECT id, name, created_at\n     FROM greetings\n     WHERE ($1 = '' OR name ILIKE '%' || $1 || '%')\n     ORDER BY id\n     LIMIT $2 OFFSET $3","duration":1,"rows":0,"msg":"Query executed"}
{"level":"debug","time":"2026-10-02T17:07:44.740Z","service":"server","env":"development","msg":"✅ Connected to localhost:5432/kevroo database successfully"}
{"level":"info","time":"2026-10-02T17:07:44.743Z","service":"server","env":"development","msg":"✅ PostgresSQL connected: localhost:5432/kevroo"}
{"level":"info","time":"2026-10-02T17:07:44.744Z","service":"server","env":"development","msg":"✅ Server running at http://localhost:5000 in development mode"}
{"level":"debug","time":"2026-10-02T17:13:22.129Z","service":"server","env":"development","msg":"✅ Connected to localhost:5432/kevroo database successfully"}
{"level":"info","time":"2026-10-02T17:13:22.133Z","service":"server","env":"development","msg":"✅ PostgresSQL connected: localhost:5432/kevroo"}
{"level":"info","time":"2026-10-02T17:13:22.135Z","service":"server","env":"development","msg":"✅ Server running at http://localhost:5000 in development mode"}
{"level":"debug","time":"2026-10-02T17:14:40.720Z","service":"server","env":"development","msg":"✅ Connected to localhost:5432/kevroo database successfully"}
{"level":"info","time":"2026-10-02T17:14:40.724Z","service":"server","env":"development","msg":"✅ PostgresSQL connected: localhost:5432/kevroo"}
{"level":"info","time":"2026-10-02T17:14:40.725Z","service":"server","env":"development","msg":"✅ Server running at http://localhost:5000 in development mode"}
{"level":"debug","time":"2026-10-02T17:17:58.699Z","service":"server","env":"development","msg":"✅ Connected to localhost:5432/kevroo database successfully"}
{"level":"info","time":"2026-10-02T17:17:58.703Z","service":"server","env":"development","msg":"✅ PostgresSQL connected: localhost:5432/kevroo"}
{"level":"info","time":"2026-10-02T17:17:58.705Z","service":"server","env":"development","msg":"✅ Server running at http://localhost:5001 in development mode"}
{"level":"debug","time":"2026-10-02T17:19:12.193Z","service":"server","env":"development","msg":"✅ Connected to localhost:5432/kevroo database successfully"}
{"level":"debug","time":"2026-10-02T17:19:12.202Z","service":"server","env":"development","text":"SELECT COUNT(*)::text AS total\n     FROM greetings\n     WHERE ($1 = '' OR name ILIKE '%' || $1 || '%')","duration":56,"rows":1,"msg":"Query executed"}
{"level":"debug","time":"2026-10-02T17:19:12.209Z","service":"server","env":"development","text":"SELECT id, name, created_at\n     FROM greetings\n     WHERE ($1 = '' OR name ILIKE '%' || $1 || '%')\n     ORDER BY id\n     LIMIT $2 OFFSET $3","duration":6,"rows":0,"msg":"Query executed"}
{"level":"warn","time":"2026-10-02T17:20:34.968Z","service":"server","env":"development","req":{"id":"c9a0d97b-a52f-47f3-9868-9429225d83a2","method":"GET","url":"/api/auth","query":{},"params":"[redacted]","headers":{"cache-control":"no-cache","postman-token":"2c3b502f-91d0-46fc-86b8-a5ee27eb6122","content-type":"application/json","host":"localhost:5001","user-agent":"PostmanRuntime/2.3.4","accept":"*/*","accept-encoding":"gzip, deflate, br","connection":"keep-alive"},"remoteAddress":"::1","remotePort":50687},"res":{"statusCode":404,"headers":{"cross-origin-opener-policy":"same-origin","cross-origin-resource-policy":"same-origin","origin-agent-cluster":"?1","referrer-policy":"no-referrer","strict-transport-security":"max-age=31536000; includeSubDomains","x-content-type-options":"nosniff","x-dns-prefetch-control":"off","x-download-options":"noopen","x-frame-options":"SAMEORIGIN","x-permitted-cross-domain-policies":"none","x-xss-protection":"0","vary":"Origin, Accept-Encoding","access-control-allow-credentials":"true","ratelimit":"\"100-in-15min\"; r=99; t=900","ratelimit-policy":"\"100-in-15min\"; q=100; w=900; pk=:YmIwY2Q1MTM2YWU1:","x-request-id":"c9a0d97b-a52f-47f3-9868-9429225d83a2","content-type":"application/json; charset=utf-8","content-length":"38","etag":"W/\"26-YmjctroUT4pOyK9uE9do5C4j75Q\""}},"responseTime":1,"msg":"request completed"}
{"level":"warn","time":"2026-10-02T17:20:38.651Z","service":"server","env":"development","req":{"id":"1beafcdf-abef-4b29-9560-5445869cb353","method":"GET","url":"/api/auth/","query":{},"params":"[redacted]","headers":{"cache-control":"no-cache","postman-token":"5f8bf422-c7f8-4e71-9f13-dbffc36ef960","content-type":"application/json","host":"localhost:5001","user-agent":"PostmanRuntime/2.3.4","accept":"*/*","accept-encoding":"gzip, deflate, br","connection":"keep-alive"},"remoteAddress":"::1","remotePort":50687},"res":{"statusCode":404,"headers":{"cross-origin-opener-policy":"same-origin","cross-origin-resource-policy":"same-origin","origin-agent-cluster":"?1","referrer-policy":"no-referrer","strict-transport-security":"max-age=31536000; includeSubDomains","x-content-type-options":"nosniff","x-dns-prefetch-control":"off","x-download-options":"noopen","x-frame-options":"SAMEORIGIN","x-permitted-cross-domain-policies":"none","x-xss-protection":"0","vary":"Origin, Accept-Encoding","access-control-allow-credentials":"true","ratelimit":"\"100-in-15min\"; r=98; t=897","ratelimit-policy":"\"100-in-15min\"; q=100; w=900; pk=:YmIwY2Q1MTM2YWU1:","x-request-id":"1beafcdf-abef-4b29-9560-5445869cb353","content-type":"application/json; charset=utf-8","content-length":"39","etag":"W/\"27-gmOiYquL8W8RGEkobXXET7af3OI\""}},"responseTime":1,"msg":"request completed"}
{"level":"info","time":"2026-10-02T17:22:08.385Z","service":"server","env":"development","msg":"SIGINT received, shutting down gracefully…"}
{"level":"info","time":"2026-10-02T17:22:08.390Z","service":"server","env":"development","msg":"HTTP server closed"}
{"level":"info","time":"2026-10-02T17:22:08.391Z","service":"server","env":"development","msg":"Postgres pool closed"}
{"level":"info","time":"2026-10-02T17:22:08.391Z","service":"server","env":"development","msg":"Shutdown complete"}
